a_count,a_term,ab_count,ab_pred_score,ab_pvalue,ab_relationship,ab_sort_ratio,b_count,b_term,bc_count,bc_pred_score,bc_pvalue,bc_relationship,bc_sort_ratio,c_count,c_term,total_count
4364,"alzheimer disease|AD - Alzheimers disease|Alzheimer dementia|Alzheimer Dementias|ALZHEIMER DIS|alzheimer diseases|alzheimers dementia|ALZHEIMERS DIS|alzheimers disease|alzheimers diseases|Alzheimer Syndrome|Alzheimer Type Dementia|Alzheimer-Type Dementia|Alzheimer Type Senile Dementia|DAT|dats|Dementia, Alzheimer|dementia alzheimers|Dementia, Alzheimer Type|Dementia, Alzheimer-Type|Dementia of the Alzheimers type|DEMENTIA OF THE ALZHEIMER TYPE|Dementias, Alzheimer|Dementia, Senile|Sclerosis, Alzheimer|SDAT|Senile Dementia, Alzheimer Type|senile dementia|SENILE DEMENTIA OF THE ALZHEIMER TYPE|simple senile dementia|dementia senile",885,0.870294025,5.36E-280,,0.001688068,524268,normal gait|Gait normal|Gait-normal|Normal,2078,1.086223259,4.62E-229,,0.106706378,19474,"1-(4-chlorobenzoyl)-5-methoxy- 2-methyl-1-H-indole-3-acetic acid|{1-[(4-chlorophenyl)carbonyl]-5-methoxy-2-methyl-1H-indol-3-yl}acetic acid|1H-Indole-3-acetic acid, 1-(4-chlorobenzoyl)-5-methoxy-2-methyl-|1-(p-chlorobenzoyl)-5-methoxy-2-methylindole-3-acetic acid|Aconip|Amuno|Apo-Indapamide|Apo-Indomethacin|Argun|Arifon|Arthrexin|Artracin|Artrinovo|Artrivia|Bajaten|Benzamide, 3-(aminosulfonyl)-4-chloro-N-(2,3-dihydro-2-methyl-1H-indol-1-yl)-|Bonidin|Bonidon|Bonidon Gel|Catlep|Chibro-Amuno|Chrono-Indicid|Chrono-Indocid|Confortid|Cormil|Damide|Dolcidium|Dolcidium Pl|Dolovin|Durametacin|Elmetacin|Flexin Continus|Fludex|Gen-Indapamide|Hicin|Idapamide|Idomethine|Imbrilon|Inacid|Indacin|Indaflex|Indameth|Indamol|Indapamida|Indapamida [INN-Spanish]|Indapamid|indapamide|Indapamide|INDAPAMIDE|Indapamidum|Indapamidum [INN-Latin]|Indmethacine|indocid|Indocid|Indocid Pda|Indocid PDA|Indocid Sr|indocin|Indocin|Indocin I.V.|Indocin I.V|indocin sr|Indocin Sr|Indocin SR|Indolar Sr|Indolar SR|Indo-Lemmon|Indomecol|Indomed|Indomee|Indometacina|indometacin|Indometacin|Indometacine|Indometacinum|Indometacyna|indomethacin|INDOMETHACIN|Indomethacine|Indomethacinum|Indomethancin|Indomethazine|Indomethegan|Indomethine|Indometicina|Indomo|Indomod|Indo-Phlogont|Indoptic|Indoptol|Indo-Rectolmin|Indorektal|Indo-Spray|Indo-Tablinen|Indoxen|Inflazon|Infrocin|Inteban Sp|Ipamix|Lausit|Liometacen|Lozide|lozol|Lozol|Metacen|Metartril|Methazine|Metindamide|Metindol|Miametan|Mikametan|Mobilan|natrilix|Natrilix|Natrix|Noranat|Novo-Indapamide|Novomethacin|Novo-Methacin|Nu-Indapamide|Nu-Indo|Pressurai|Reumacide|Rhemacin La|Rheumacin La|Rheumacin LA|Sadoreum|Tandix|Tannex|Tertensif|Veroxil|Vonum",10628189
4364,"alzheimer disease|AD - Alzheimers disease|Alzheimer dementia|Alzheimer Dementias|ALZHEIMER DIS|alzheimer diseases|alzheimers dementia|ALZHEIMERS DIS|alzheimers disease|alzheimers diseases|Alzheimer Syndrome|Alzheimer Type Dementia|Alzheimer-Type Dementia|Alzheimer Type Senile Dementia|DAT|dats|Dementia, Alzheimer|dementia alzheimers|Dementia, Alzheimer Type|Dementia, Alzheimer-Type|Dementia of the Alzheimers type|DEMENTIA OF THE ALZHEIMER TYPE|Dementias, Alzheimer|Dementia, Senile|Sclerosis, Alzheimer|SDAT|Senile Dementia, Alzheimer Type|senile dementia|SENILE DEMENTIA OF THE ALZHEIMER TYPE|simple senile dementia|dementia senile",258,0.403866716,5.17E-128,,0.002908386,88709,onset|age of onset,350,0.175697704,8.72E-38,,0.017972682,19474,"1-(4-chlorobenzoyl)-5-methoxy- 2-methyl-1-H-indole-3-acetic acid|{1-[(4-chlorophenyl)carbonyl]-5-methoxy-2-methyl-1H-indol-3-yl}acetic acid|1H-Indole-3-acetic acid, 1-(4-chlorobenzoyl)-5-methoxy-2-methyl-|1-(p-chlorobenzoyl)-5-methoxy-2-methylindole-3-acetic acid|Aconip|Amuno|Apo-Indapamide|Apo-Indomethacin|Argun|Arifon|Arthrexin|Artracin|Artrinovo|Artrivia|Bajaten|Benzamide, 3-(aminosulfonyl)-4-chloro-N-(2,3-dihydro-2-methyl-1H-indol-1-yl)-|Bonidin|Bonidon|Bonidon Gel|Catlep|Chibro-Amuno|Chrono-Indicid|Chrono-Indocid|Confortid|Cormil|Damide|Dolcidium|Dolcidium Pl|Dolovin|Durametacin|Elmetacin|Flexin Continus|Fludex|Gen-Indapamide|Hicin|Idapamide|Idomethine|Imbrilon|Inacid|Indacin|Indaflex|Indameth|Indamol|Indapamida|Indapamida [INN-Spanish]|Indapamid|indapamide|Indapamide|INDAPAMIDE|Indapamidum|Indapamidum [INN-Latin]|Indmethacine|indocid|Indocid|Indocid Pda|Indocid PDA|Indocid Sr|indocin|Indocin|Indocin I.V.|Indocin I.V|indocin sr|Indocin Sr|Indocin SR|Indolar Sr|Indolar SR|Indo-Lemmon|Indomecol|Indomed|Indomee|Indometacina|indometacin|Indometacin|Indometacine|Indometacinum|Indometacyna|indomethacin|INDOMETHACIN|Indomethacine|Indomethacinum|Indomethancin|Indomethazine|Indomethegan|Indomethine|Indometicina|Indomo|Indomod|Indo-Phlogont|Indoptic|Indoptol|Indo-Rectolmin|Indorektal|Indo-Spray|Indo-Tablinen|Indoxen|Inflazon|Infrocin|Inteban Sp|Ipamix|Lausit|Liometacen|Lozide|lozol|Lozol|Metacen|Metartril|Methazine|Metindamide|Metindol|Miametan|Mikametan|Mobilan|natrilix|Natrilix|Natrix|Noranat|Novo-Indapamide|Novomethacin|Novo-Methacin|Nu-Indapamide|Nu-Indo|Pressurai|Reumacide|Rhemacin La|Rheumacin La|Rheumacin LA|Sadoreum|Tandix|Tannex|Tertensif|Veroxil|Vonum",10628189
4364,"alzheimer disease|AD - Alzheimers disease|Alzheimer dementia|Alzheimer Dementias|ALZHEIMER DIS|alzheimer diseases|alzheimers dementia|ALZHEIMERS DIS|alzheimers disease|alzheimers diseases|Alzheimer Syndrome|Alzheimer Type Dementia|Alzheimer-Type Dementia|Alzheimer Type Senile Dementia|DAT|dats|Dementia, Alzheimer|dementia alzheimers|Dementia, Alzheimer Type|Dementia, Alzheimer-Type|Dementia of the Alzheimers type|DEMENTIA OF THE ALZHEIMER TYPE|Dementias, Alzheimer|Dementia, Senile|Sclerosis, Alzheimer|SDAT|Senile Dementia, Alzheimer Type|senile dementia|SENILE DEMENTIA OF THE ALZHEIMER TYPE|simple senile dementia|dementia senile",185,0.305856931,3.73E-96,"dat (CONDITION) POS_ASSOCIATION depression (CONDITION) {3268199, 8268327, 3782698, 2592718, 3833087}; depression (CONDITION) POS_ASSOCIATION dat (CONDITION) {3268199, 8268327, 3782698, 2592718, 3937167}; depression (CONDITION) POS_ASSOCIATION senile dementia (CONDITION) {6693699, 1304611, 6849443, 3407439, 8254137}; alzheimer disease (CONDITION) POS_ASSOCIATION depression (CONDITION) {8346211, 2674513, 7999346, 7999349, 7662328}; depression (CONDITION) POS_ASSOCIATION alzheimer disease (CONDITION) {8346211, 2674513, 7999346, 7999349, 7662328}; senile dementia (CONDITION) POS_ASSOCIATION depression (CONDITION) {8254137, 1304611, 6849443, 3407439}; sdat (CONDITION) POS_ASSOCIATION depression (CONDITION) {1546130, 6203954, 2354791}; depression (CONDITION) POS_ASSOCIATION sdat (CONDITION) {1546130, 6203954, 2354791}",0.003093335,59806,"depression|depressive disorder|depression nos|Depressive disorder NOS|Depressive disorder, NOS|Depressive Disorders|depressive illness|Depressive Neuroses|depressive neurosis|Disorder, Depressive|Disorders, Depressive|Neuroses, Depressive|Neurosis, Depressive",196,0.075085415,5.38E-14,,0.010064702,19474,"1-(4-chlorobenzoyl)-5-methoxy- 2-methyl-1-H-indole-3-acetic acid|{1-[(4-chlorophenyl)carbonyl]-5-methoxy-2-methyl-1H-indol-3-yl}acetic acid|1H-Indole-3-acetic acid, 1-(4-chlorobenzoyl)-5-methoxy-2-methyl-|1-(p-chlorobenzoyl)-5-methoxy-2-methylindole-3-acetic acid|Aconip|Amuno|Apo-Indapamide|Apo-Indomethacin|Argun|Arifon|Arthrexin|Artracin|Artrinovo|Artrivia|Bajaten|Benzamide, 3-(aminosulfonyl)-4-chloro-N-(2,3-dihydro-2-methyl-1H-indol-1-yl)-|Bonidin|Bonidon|Bonidon Gel|Catlep|Chibro-Amuno|Chrono-Indicid|Chrono-Indocid|Confortid|Cormil|Damide|Dolcidium|Dolcidium Pl|Dolovin|Durametacin|Elmetacin|Flexin Continus|Fludex|Gen-Indapamide|Hicin|Idapamide|Idomethine|Imbrilon|Inacid|Indacin|Indaflex|Indameth|Indamol|Indapamida|Indapamida [INN-Spanish]|Indapamid|indapamide|Indapamide|INDAPAMIDE|Indapamidum|Indapamidum [INN-Latin]|Indmethacine|indocid|Indocid|Indocid Pda|Indocid PDA|Indocid Sr|indocin|Indocin|Indocin I.V.|Indocin I.V|indocin sr|Indocin Sr|Indocin SR|Indolar Sr|Indolar SR|Indo-Lemmon|Indomecol|Indomed|Indomee|Indometacina|indometacin|Indometacin|Indometacine|Indometacinum|Indometacyna|indomethacin|INDOMETHACIN|Indomethacine|Indomethacinum|Indomethancin|Indomethazine|Indomethegan|Indomethine|Indometicina|Indomo|Indomod|Indo-Phlogont|Indoptic|Indoptol|Indo-Rectolmin|Indorektal|Indo-Spray|Indo-Tablinen|Indoxen|Inflazon|Infrocin|Inteban Sp|Ipamix|Lausit|Liometacen|Lozide|lozol|Lozol|Metacen|Metartril|Methazine|Metindamide|Metindol|Miametan|Mikametan|Mobilan|natrilix|Natrilix|Natrix|Noranat|Novo-Indapamide|Novomethacin|Novo-Methacin|Nu-Indapamide|Nu-Indo|Pressurai|Reumacide|Rhemacin La|Rheumacin La|Rheumacin LA|Sadoreum|Tandix|Tannex|Tertensif|Veroxil|Vonum",10628189
4364,"alzheimer disease|AD - Alzheimers disease|Alzheimer dementia|Alzheimer Dementias|ALZHEIMER DIS|alzheimer diseases|alzheimers dementia|ALZHEIMERS DIS|alzheimers disease|alzheimers diseases|Alzheimer Syndrome|Alzheimer Type Dementia|Alzheimer-Type Dementia|Alzheimer Type Senile Dementia|DAT|dats|Dementia, Alzheimer|dementia alzheimers|Dementia, Alzheimer Type|Dementia, Alzheimer-Type|Dementia of the Alzheimers type|DEMENTIA OF THE ALZHEIMER TYPE|Dementias, Alzheimer|Dementia, Senile|Sclerosis, Alzheimer|SDAT|Senile Dementia, Alzheimer Type|senile dementia|SENILE DEMENTIA OF THE ALZHEIMER TYPE|simple senile dementia|dementia senile",109,0.162265638,2.71E-50,,0.002616419,41660,central nervous system disease|Central nervous system|Central nervous system (CNS) disease|central nervous system diseases|Central nervous system--Diseases|central nervous system disorder|central nervous system disorders|cns disease|cns diseases|cns disorder|cns disorders|disease central nervous system|Disease of the central nervous system|Diseases of the central nervous system|DISORDER CENTRAL NERVOUS SYSTEM|Disorder of Central Nervous System|Disorder of the central nervous system|encephalomyeloneuropathy,119,0.037493794,3.50E-06,,0.006110712,19474,"1-(4-chlorobenzoyl)-5-methoxy- 2-methyl-1-H-indole-3-acetic acid|{1-[(4-chlorophenyl)carbonyl]-5-methoxy-2-methyl-1H-indol-3-yl}acetic acid|1H-Indole-3-acetic acid, 1-(4-chlorobenzoyl)-5-methoxy-2-methyl-|1-(p-chlorobenzoyl)-5-methoxy-2-methylindole-3-acetic acid|Aconip|Amuno|Apo-Indapamide|Apo-Indomethacin|Argun|Arifon|Arthrexin|Artracin|Artrinovo|Artrivia|Bajaten|Benzamide, 3-(aminosulfonyl)-4-chloro-N-(2,3-dihydro-2-methyl-1H-indol-1-yl)-|Bonidin|Bonidon|Bonidon Gel|Catlep|Chibro-Amuno|Chrono-Indicid|Chrono-Indocid|Confortid|Cormil|Damide|Dolcidium|Dolcidium Pl|Dolovin|Durametacin|Elmetacin|Flexin Continus|Fludex|Gen-Indapamide|Hicin|Idapamide|Idomethine|Imbrilon|Inacid|Indacin|Indaflex|Indameth|Indamol|Indapamida|Indapamida [INN-Spanish]|Indapamid|indapamide|Indapamide|INDAPAMIDE|Indapamidum|Indapamidum [INN-Latin]|Indmethacine|indocid|Indocid|Indocid Pda|Indocid PDA|Indocid Sr|indocin|Indocin|Indocin I.V.|Indocin I.V|indocin sr|Indocin Sr|Indocin SR|Indolar Sr|Indolar SR|Indo-Lemmon|Indomecol|Indomed|Indomee|Indometacina|indometacin|Indometacin|Indometacine|Indometacinum|Indometacyna|indomethacin|INDOMETHACIN|Indomethacine|Indomethacinum|Indomethancin|Indomethazine|Indomethegan|Indomethine|Indometicina|Indomo|Indomod|Indo-Phlogont|Indoptic|Indoptol|Indo-Rectolmin|Indorektal|Indo-Spray|Indo-Tablinen|Indoxen|Inflazon|Infrocin|Inteban Sp|Ipamix|Lausit|Liometacen|Lozide|lozol|Lozol|Metacen|Metartril|Methazine|Metindamide|Metindol|Miametan|Mikametan|Mobilan|natrilix|Natrilix|Natrix|Noranat|Novo-Indapamide|Novomethacin|Novo-Methacin|Nu-Indapamide|Nu-Indo|Pressurai|Reumacide|Rhemacin La|Rheumacin La|Rheumacin LA|Sadoreum|Tandix|Tannex|Tertensif|Veroxil|Vonum",10628189
,,,,,,,,,,,,,,,,
a_count,a_term,ab_count,ab_pred_score,ab_pvalue,ab_relationship,ab_sort_ratio,b_count,b_term,bc_count,bc_pred_score,bc_pvalue,bc_relationship,bc_sort_ratio,c_count,c_term,total_count
4364,"alzheimer disease|AD - Alzheimers disease|Alzheimer dementia|Alzheimer Dementias|ALZHEIMER DIS|alzheimer diseases|alzheimers dementia|ALZHEIMERS DIS|alzheimers disease|alzheimers diseases|Alzheimer Syndrome|Alzheimer Type Dementia|Alzheimer-Type Dementia|Alzheimer Type Senile Dementia|DAT|dats|Dementia, Alzheimer|dementia alzheimers|Dementia, Alzheimer Type|Dementia, Alzheimer-Type|Dementia of the Alzheimers type|DEMENTIA OF THE ALZHEIMER TYPE|Dementias, Alzheimer|Dementia, Senile|Sclerosis, Alzheimer|SDAT|Senile Dementia, Alzheimer Type|senile dementia|SENILE DEMENTIA OF THE ALZHEIMER TYPE|simple senile dementia|dementia senile",885,0.870294025,5.36E-280,,0.001688068,524268,normal gait|Gait normal|Gait-normal|Normal,5871,1.517905128,0,,0.142791128,41116,"10,11-dihydro-N,N-Dimethyl-5H-dibenz[b,F]azepine-5-propanamine|1-[3-(2-Dimethylaminoethyl)-1H-indol-5-yl]-N-methyl-methanesulfonamide|17-beta|(17beta)-Estra-1,3,5(10)-triene-3,17-diol|17beta-Estradiol 17-Cyclopentylpropionate|17 beta estradiol|17 beta-estradiol|17 beta Estradiol|17 beta-Estradiol|17-beta-Estradiol|17 Beta-Estradiol|17-beta oestradiol|17beta oestradiol|17 beta Oestradiol|17 beta-Oestradiol|(17Œ≤)-estra-1,3,5(10)-triene-3,17-diol|17Œ≤-estra-1,3,5(10)-triene-3,17-diol|17Œ≤-estradiol|17Œ≤-oestradiol|1H-Indole-5-methanesulfonamide, 3-(2-(dimethylamino)ethyl)-N-methyl-|(3-[2-(dimethylamino)Ethyl]-1H-indol-5-yl)-N-methylmethanesulfonamide|3-(2-(dimethylamino)Ethyl)-N-methyl-1H-indole-5-methanesulfonamide|3-(2-(Dimethylamino)ethyl)-N-methyl-1H-indole-5-methanesulfonamide|3-[2-(dimethylamino)Ethyl]-N-methylindole-5-methanesulfonamide|3-(5H-DIBENZO[b,F]azepin-5-yl)-N,N-dimethylpropan-1-amine|5-[3-(dimethylamino)Propyl]-10,11-dihydro-5H-dibenz[b,F]azepine|5H-Dibenz(b,f)azepine, 10,11-dihydro-5-(3-(dimethylamino)-2-methylpropyl)-, Maleate(1:1)|5H-Dibenz(b,f)azepine-5-propanamine, 10,11-Dihydro-N,N,beta-trimethyl-,(Z)-2-Butenedioate(1:1)|5H-Dibenz(b,f)azepine-5-propanamine, 10,11-dihydro-N,N-dimethyl-|Aerodiol|Agofollin|alora|Alora|Altrad|Amnestrogen|Antideprin|Aquadiol|Bardiol|Berkomine|BETA ESTRADIOL 17|beta-Estradiol|Beta-Estradiol|Censtim|Censtin|cis-Estradiol|Cis-Estradiol|Cis-Oestradiol|Climaderm|climara|Climara|combipatch|Combipatch|Compudose 200|Compudose 365|Compudose|Corpagen|cypionate estradiol|Declomipramine|Delestrogen|depo estradiol|depo-estradiol|Depo-estradiol|Depo-Estradiol|Dermestril|D-Estradiol|Dihydrofollicular Hormone|Dihydrofolliculin|Dihydromenformon|Dihydrotheelin|Dihydroxyesterin|Dihydroxyestrin|Dihydroxyoestrin|Dimenformon|Dimenformon Prolongatum|Dimipressin|Diogyn|Diogynets|Divigel|D-Oestradiol|Dynaprin|Dyna-Zina|Elestrin|Encore|esclim|Esclim|esterified estrogen|esterified estrogens|Esterified Estrogens|esterifies estrogens|Estinyl|Estra-1,3,5(10)-triene-3,17-diol (17beta)-|estrace|Estrace¬Æ|Estrace|estraderm|Estraderm|Estraderm Tts|Estraderm TTS|Estradiol 17 beta|Estradiol 17beta|Estradiol-17 beta|Estradiol-17beta|ESTRADIOL 17-BETA|estradiol 17 beta-cyclopentanepropionate|estradiol 17 beta-cyclopentylpropionate|estradiol 17 beta-cypionate|ESTRADIOL A 017 BETA|Estradiol Anhydrous|estradiol|estradiol cypionate|Estradiol cypionate|Estradiol Cypionate|ESTRADIOL CYPIONATE|estradiols|Estradiolum|estradiol valerate|Estradiol valerate|Estradiol Valerate|ESTRADIOL VALERATE|estradiol valeriante|Estradurin|Estradurine|Estraldine|estrasorb|Estrasorb|estr|Estreva|Estrifam|estring|Estring|Estring Vaginal Ring|Estroclim 50|Estroclim|Estrofem 2|Estrofem Forte|Estrogel|EstroGel|estrogens esterified|Estrogens, esterified|Estrogens,esterified|Estrogens, Esterified|ESTROGENS, ESTERIFIED|ESTROGENS,ESTERIFIED|Estrogens, Esterified Component of Menrium|Estrogens, Esterified (USP)|Estrovite|Eupramin|Evamist|evorel|Evorel|Extrasorb|Femestral|Femestrol|Feminone|Femogen|fempatch|Fempatch|Femring|Femtrace|Femtran|Follicyclin|Ginedisc|Ginosedol|Gynergon|Gynestrel|Gynodiol|Gynoestryl|Gynpolar|Imavate|Imidobenzyle|imigran|Imigran|Imipramina|Imipramin|imipramine|Imipramine|imipramine hcl|Imipramine Hcl|imipramine hydrochloride|Imipramine Hydrochloride|IMIPRAMINE HYDROCHLORIDE|Imipramine Monohydrochloride|Imipraminum|Imiprin|imitrex|Imitrex|Imitrex Oral|Imizin|Imizine|Imizinum|Impramine|Innofem|Intalpram|Iramil|Irmin|Janimine|Lamdiol|Lynoral|Macrodiol|Macrol|Melipramin|Melipramine|menest|Menest|Menorest|Menostar|Menrium Component Estrogens, Esterified|Microdiol|Nelipramin|N-(gamma-Dimethylaminopropyl)iminodibenzyl|Norchlorimipramine|Nordicol|Norfranil|NP101|N-(Œ≥-dimethylaminopropyl)iminodibenzyl|Oestergon|oestradiol|Oestradiol|Oestradiol R|oestradiol valerate|Oestrogel|Oestroglandol|Oestrogynal|Ovahormon|Ovasterol|Ovastevol|Ovociclina|Ovocyclin|Ovocycline|Ovocylin|Perlatanol|Pramine|Prazepine|PRAZEPINE|Presamine|Primofol|Profoliol B|Profoliol|Progynon|Progynon Dh|Progynon-Dh|Promiben|Psychoforin|Ricifon|Ritsifon|Sandrena Gel|Sisare Gel|Sk-Estrogens|Sk-Pramine|Soldep|Sotipox|Succinate, Sumatriptan|Sumatran|sumatriptan|Sumatriptan|SUMAtriptan|SUMATRIPTAN|Sumatript√°n|sumatriptan succinate|Sumatriptan Succinate|SUMAtriptan Succinate|SUMATRIPTAN SUCCINATE|Sumatriptanum|Sumatriptanum [INN-Latin]|Sumax|Surplix|Syndiol|Systen|Therapeutic Estradiol|Timolet|Tipramine|Tofranil, Base|Tofraniln A|tofranil pm|tofranil-pm|Tofranil-Pm|Tofranil-PM|Tofranil-PM (imipramine pamoate)|Tradelia|Trial Sat|Trimipramine Maleate|TRIMIPRAMINE MALEATE|triptan|Trocosone|vagifem|Vagifem|vivelle|Vivelle|vivelle dot|vivelle-dot|Vivelle-Dot|Vivelle-DOT|Zerella|Zumenon",10628189
4364,"alzheimer disease|AD - Alzheimers disease|Alzheimer dementia|Alzheimer Dementias|ALZHEIMER DIS|alzheimer diseases|alzheimers dementia|ALZHEIMERS DIS|alzheimers disease|alzheimers diseases|Alzheimer Syndrome|Alzheimer Type Dementia|Alzheimer-Type Dementia|Alzheimer Type Senile Dementia|DAT|dats|Dementia, Alzheimer|dementia alzheimers|Dementia, Alzheimer Type|Dementia, Alzheimer-Type|Dementia of the Alzheimers type|DEMENTIA OF THE ALZHEIMER TYPE|Dementias, Alzheimer|Dementia, Senile|Sclerosis, Alzheimer|SDAT|Senile Dementia, Alzheimer Type|senile dementia|SENILE DEMENTIA OF THE ALZHEIMER TYPE|simple senile dementia|dementia senile",185,0.305856931,3.73E-96,"dat (CONDITION) POS_ASSOCIATION depression (CONDITION) {3268199, 8268327, 3782698, 2592718, 3833087}; depression (CONDITION) POS_ASSOCIATION dat (CONDITION) {3268199, 8268327, 3782698, 2592718, 3937167}; depression (CONDITION) POS_ASSOCIATION senile dementia (CONDITION) {6693699, 1304611, 6849443, 3407439, 8254137}; alzheimer disease (CONDITION) POS_ASSOCIATION depression (CONDITION) {8346211, 2674513, 7999346, 7999349, 7662328}; depression (CONDITION) POS_ASSOCIATION alzheimer disease (CONDITION) {8346211, 2674513, 7999346, 7999349, 7662328}; senile dementia (CONDITION) POS_ASSOCIATION depression (CONDITION) {8254137, 1304611, 6849443, 3407439}; sdat (CONDITION) POS_ASSOCIATION depression (CONDITION) {1546130, 6203954, 2354791}; depression (CONDITION) POS_ASSOCIATION sdat (CONDITION) {1546130, 6203954, 2354791}",0.003093335,59806,"depression|depressive disorder|depression nos|Depressive disorder NOS|Depressive disorder, NOS|Depressive Disorders|depressive illness|Depressive Neuroses|depressive neurosis|Disorder, Depressive|Disorders, Depressive|Neuroses, Depressive|Neurosis, Depressive",1221,1.101334272,0,"imipramine (DRUG) TREATS depression (CONDITION) {2649353, 7945740, 1097869, 3164308, 3057815}; imipramine (DRUG) TREATS depressive illness (CONDITION) {2698272, 477572, 540524, 3301710, 3096686}; depression (CONDITION) POS_ASSOCIATION imipramine (DRUG) {6839075, 7384806, 3394886, 6180649, 3555386}; imipramine (DRUG) POS_ASSOCIATION depression (CONDITION) {6839075, 7384806, 3394886, 6180649, 3555386}; imipramine (DRUG) INHIBITS depression (CONDITION) {6370981, 8556967, 3615688, 21927208, 6974869}; imipramine (DRUG) TREATS depressive disorders (CONDITION) {7908501, 7717094, 369926}; imipramine (DRUG) TREATS depressive disorder (CONDITION) {3769770, 8463443, 1661404}; estradiol (DRUG) TREATS depression (CONDITION) {6297087}; depression (CONDITION) POS_ASSOCIATION estradiol (CHEMICAL) {7846980}; estradiol (CHEMICAL) POS_ASSOCIATION depression (CONDITION) {7846980}",0.029696469,41116,"10,11-dihydro-N,N-Dimethyl-5H-dibenz[b,F]azepine-5-propanamine|1-[3-(2-Dimethylaminoethyl)-1H-indol-5-yl]-N-methyl-methanesulfonamide|17-beta|(17beta)-Estra-1,3,5(10)-triene-3,17-diol|17beta-Estradiol 17-Cyclopentylpropionate|17 beta estradiol|17 beta-estradiol|17 beta Estradiol|17 beta-Estradiol|17-beta-Estradiol|17 Beta-Estradiol|17-beta oestradiol|17beta oestradiol|17 beta Oestradiol|17 beta-Oestradiol|(17Œ≤)-estra-1,3,5(10)-triene-3,17-diol|17Œ≤-estra-1,3,5(10)-triene-3,17-diol|17Œ≤-estradiol|17Œ≤-oestradiol|1H-Indole-5-methanesulfonamide, 3-(2-(dimethylamino)ethyl)-N-methyl-|(3-[2-(dimethylamino)Ethyl]-1H-indol-5-yl)-N-methylmethanesulfonamide|3-(2-(dimethylamino)Ethyl)-N-methyl-1H-indole-5-methanesulfonamide|3-(2-(Dimethylamino)ethyl)-N-methyl-1H-indole-5-methanesulfonamide|3-[2-(dimethylamino)Ethyl]-N-methylindole-5-methanesulfonamide|3-(5H-DIBENZO[b,F]azepin-5-yl)-N,N-dimethylpropan-1-amine|5-[3-(dimethylamino)Propyl]-10,11-dihydro-5H-dibenz[b,F]azepine|5H-Dibenz(b,f)azepine, 10,11-dihydro-5-(3-(dimethylamino)-2-methylpropyl)-, Maleate(1:1)|5H-Dibenz(b,f)azepine-5-propanamine, 10,11-Dihydro-N,N,beta-trimethyl-,(Z)-2-Butenedioate(1:1)|5H-Dibenz(b,f)azepine-5-propanamine, 10,11-dihydro-N,N-dimethyl-|Aerodiol|Agofollin|alora|Alora|Altrad|Amnestrogen|Antideprin|Aquadiol|Bardiol|Berkomine|BETA ESTRADIOL 17|beta-Estradiol|Beta-Estradiol|Censtim|Censtin|cis-Estradiol|Cis-Estradiol|Cis-Oestradiol|Climaderm|climara|Climara|combipatch|Combipatch|Compudose 200|Compudose 365|Compudose|Corpagen|cypionate estradiol|Declomipramine|Delestrogen|depo estradiol|depo-estradiol|Depo-estradiol|Depo-Estradiol|Dermestril|D-Estradiol|Dihydrofollicular Hormone|Dihydrofolliculin|Dihydromenformon|Dihydrotheelin|Dihydroxyesterin|Dihydroxyestrin|Dihydroxyoestrin|Dimenformon|Dimenformon Prolongatum|Dimipressin|Diogyn|Diogynets|Divigel|D-Oestradiol|Dynaprin|Dyna-Zina|Elestrin|Encore|esclim|Esclim|esterified estrogen|esterified estrogens|Esterified Estrogens|esterifies estrogens|Estinyl|Estra-1,3,5(10)-triene-3,17-diol (17beta)-|estrace|Estrace¬Æ|Estrace|estraderm|Estraderm|Estraderm Tts|Estraderm TTS|Estradiol 17 beta|Estradiol 17beta|Estradiol-17 beta|Estradiol-17beta|ESTRADIOL 17-BETA|estradiol 17 beta-cyclopentanepropionate|estradiol 17 beta-cyclopentylpropionate|estradiol 17 beta-cypionate|ESTRADIOL A 017 BETA|Estradiol Anhydrous|estradiol|estradiol cypionate|Estradiol cypionate|Estradiol Cypionate|ESTRADIOL CYPIONATE|estradiols|Estradiolum|estradiol valerate|Estradiol valerate|Estradiol Valerate|ESTRADIOL VALERATE|estradiol valeriante|Estradurin|Estradurine|Estraldine|estrasorb|Estrasorb|estr|Estreva|Estrifam|estring|Estring|Estring Vaginal Ring|Estroclim 50|Estroclim|Estrofem 2|Estrofem Forte|Estrogel|EstroGel|estrogens esterified|Estrogens, esterified|Estrogens,esterified|Estrogens, Esterified|ESTROGENS, ESTERIFIED|ESTROGENS,ESTERIFIED|Estrogens, Esterified Component of Menrium|Estrogens, Esterified (USP)|Estrovite|Eupramin|Evamist|evorel|Evorel|Extrasorb|Femestral|Femestrol|Feminone|Femogen|fempatch|Fempatch|Femring|Femtrace|Femtran|Follicyclin|Ginedisc|Ginosedol|Gynergon|Gynestrel|Gynodiol|Gynoestryl|Gynpolar|Imavate|Imidobenzyle|imigran|Imigran|Imipramina|Imipramin|imipramine|Imipramine|imipramine hcl|Imipramine Hcl|imipramine hydrochloride|Imipramine Hydrochloride|IMIPRAMINE HYDROCHLORIDE|Imipramine Monohydrochloride|Imipraminum|Imiprin|imitrex|Imitrex|Imitrex Oral|Imizin|Imizine|Imizinum|Impramine|Innofem|Intalpram|Iramil|Irmin|Janimine|Lamdiol|Lynoral|Macrodiol|Macrol|Melipramin|Melipramine|menest|Menest|Menorest|Menostar|Menrium Component Estrogens, Esterified|Microdiol|Nelipramin|N-(gamma-Dimethylaminopropyl)iminodibenzyl|Norchlorimipramine|Nordicol|Norfranil|NP101|N-(Œ≥-dimethylaminopropyl)iminodibenzyl|Oestergon|oestradiol|Oestradiol|Oestradiol R|oestradiol valerate|Oestrogel|Oestroglandol|Oestrogynal|Ovahormon|Ovasterol|Ovastevol|Ovociclina|Ovocyclin|Ovocycline|Ovocylin|Perlatanol|Pramine|Prazepine|PRAZEPINE|Presamine|Primofol|Profoliol B|Profoliol|Progynon|Progynon Dh|Progynon-Dh|Promiben|Psychoforin|Ricifon|Ritsifon|Sandrena Gel|Sisare Gel|Sk-Estrogens|Sk-Pramine|Soldep|Sotipox|Succinate, Sumatriptan|Sumatran|sumatriptan|Sumatriptan|SUMAtriptan|SUMATRIPTAN|Sumatript√°n|sumatriptan succinate|Sumatriptan Succinate|SUMAtriptan Succinate|SUMATRIPTAN SUCCINATE|Sumatriptanum|Sumatriptanum [INN-Latin]|Sumax|Surplix|Syndiol|Systen|Therapeutic Estradiol|Timolet|Tipramine|Tofranil, Base|Tofraniln A|tofranil pm|tofranil-pm|Tofranil-Pm|Tofranil-PM|Tofranil-PM (imipramine pamoate)|Tradelia|Trial Sat|Trimipramine Maleate|TRIMIPRAMINE MALEATE|triptan|Trocosone|vagifem|Vagifem|vivelle|Vivelle|vivelle dot|vivelle-dot|Vivelle-Dot|Vivelle-DOT|Zerella|Zumenon",10628189
4364,"alzheimer disease|AD - Alzheimers disease|Alzheimer dementia|Alzheimer Dementias|ALZHEIMER DIS|alzheimer diseases|alzheimers dementia|ALZHEIMERS DIS|alzheimers disease|alzheimers diseases|Alzheimer Syndrome|Alzheimer Type Dementia|Alzheimer-Type Dementia|Alzheimer Type Senile Dementia|DAT|dats|Dementia, Alzheimer|dementia alzheimers|Dementia, Alzheimer Type|Dementia, Alzheimer-Type|Dementia of the Alzheimers type|DEMENTIA OF THE ALZHEIMER TYPE|Dementias, Alzheimer|Dementia, Senile|Sclerosis, Alzheimer|SDAT|Senile Dementia, Alzheimer Type|senile dementia|SENILE DEMENTIA OF THE ALZHEIMER TYPE|simple senile dementia|dementia senile",258,0.403866716,5.17E-128,,0.002908386,88709,onset|age of onset,1195,0.981651516,8.92E-286,,0.029064111,41116,"10,11-dihydro-N,N-Dimethyl-5H-dibenz[b,F]azepine-5-propanamine|1-[3-(2-Dimethylaminoethyl)-1H-indol-5-yl]-N-methyl-methanesulfonamide|17-beta|(17beta)-Estra-1,3,5(10)-triene-3,17-diol|17beta-Estradiol 17-Cyclopentylpropionate|17 beta estradiol|17 beta-estradiol|17 beta Estradiol|17 beta-Estradiol|17-beta-Estradiol|17 Beta-Estradiol|17-beta oestradiol|17beta oestradiol|17 beta Oestradiol|17 beta-Oestradiol|(17Œ≤)-estra-1,3,5(10)-triene-3,17-diol|17Œ≤-estra-1,3,5(10)-triene-3,17-diol|17Œ≤-estradiol|17Œ≤-oestradiol|1H-Indole-5-methanesulfonamide, 3-(2-(dimethylamino)ethyl)-N-methyl-|(3-[2-(dimethylamino)Ethyl]-1H-indol-5-yl)-N-methylmethanesulfonamide|3-(2-(dimethylamino)Ethyl)-N-methyl-1H-indole-5-methanesulfonamide|3-(2-(Dimethylamino)ethyl)-N-methyl-1H-indole-5-methanesulfonamide|3-[2-(dimethylamino)Ethyl]-N-methylindole-5-methanesulfonamide|3-(5H-DIBENZO[b,F]azepin-5-yl)-N,N-dimethylpropan-1-amine|5-[3-(dimethylamino)Propyl]-10,11-dihydro-5H-dibenz[b,F]azepine|5H-Dibenz(b,f)azepine, 10,11-dihydro-5-(3-(dimethylamino)-2-methylpropyl)-, Maleate(1:1)|5H-Dibenz(b,f)azepine-5-propanamine, 10,11-Dihydro-N,N,beta-trimethyl-,(Z)-2-Butenedioate(1:1)|5H-Dibenz(b,f)azepine-5-propanamine, 10,11-dihydro-N,N-dimethyl-|Aerodiol|Agofollin|alora|Alora|Altrad|Amnestrogen|Antideprin|Aquadiol|Bardiol|Berkomine|BETA ESTRADIOL 17|beta-Estradiol|Beta-Estradiol|Censtim|Censtin|cis-Estradiol|Cis-Estradiol|Cis-Oestradiol|Climaderm|climara|Climara|combipatch|Combipatch|Compudose 200|Compudose 365|Compudose|Corpagen|cypionate estradiol|Declomipramine|Delestrogen|depo estradiol|depo-estradiol|Depo-estradiol|Depo-Estradiol|Dermestril|D-Estradiol|Dihydrofollicular Hormone|Dihydrofolliculin|Dihydromenformon|Dihydrotheelin|Dihydroxyesterin|Dihydroxyestrin|Dihydroxyoestrin|Dimenformon|Dimenformon Prolongatum|Dimipressin|Diogyn|Diogynets|Divigel|D-Oestradiol|Dynaprin|Dyna-Zina|Elestrin|Encore|esclim|Esclim|esterified estrogen|esterified estrogens|Esterified Estrogens|esterifies estrogens|Estinyl|Estra-1,3,5(10)-triene-3,17-diol (17beta)-|estrace|Estrace¬Æ|Estrace|estraderm|Estraderm|Estraderm Tts|Estraderm TTS|Estradiol 17 beta|Estradiol 17beta|Estradiol-17 beta|Estradiol-17beta|ESTRADIOL 17-BETA|estradiol 17 beta-cyclopentanepropionate|estradiol 17 beta-cyclopentylpropionate|estradiol 17 beta-cypionate|ESTRADIOL A 017 BETA|Estradiol Anhydrous|estradiol|estradiol cypionate|Estradiol cypionate|Estradiol Cypionate|ESTRADIOL CYPIONATE|estradiols|Estradiolum|estradiol valerate|Estradiol valerate|Estradiol Valerate|ESTRADIOL VALERATE|estradiol valeriante|Estradurin|Estradurine|Estraldine|estrasorb|Estrasorb|estr|Estreva|Estrifam|estring|Estring|Estring Vaginal Ring|Estroclim 50|Estroclim|Estrofem 2|Estrofem Forte|Estrogel|EstroGel|estrogens esterified|Estrogens, esterified|Estrogens,esterified|Estrogens, Esterified|ESTROGENS, ESTERIFIED|ESTROGENS,ESTERIFIED|Estrogens, Esterified Component of Menrium|Estrogens, Esterified (USP)|Estrovite|Eupramin|Evamist|evorel|Evorel|Extrasorb|Femestral|Femestrol|Feminone|Femogen|fempatch|Fempatch|Femring|Femtrace|Femtran|Follicyclin|Ginedisc|Ginosedol|Gynergon|Gynestrel|Gynodiol|Gynoestryl|Gynpolar|Imavate|Imidobenzyle|imigran|Imigran|Imipramina|Imipramin|imipramine|Imipramine|imipramine hcl|Imipramine Hcl|imipramine hydrochloride|Imipramine Hydrochloride|IMIPRAMINE HYDROCHLORIDE|Imipramine Monohydrochloride|Imipraminum|Imiprin|imitrex|Imitrex|Imitrex Oral|Imizin|Imizine|Imizinum|Impramine|Innofem|Intalpram|Iramil|Irmin|Janimine|Lamdiol|Lynoral|Macrodiol|Macrol|Melipramin|Melipramine|menest|Menest|Menorest|Menostar|Menrium Component Estrogens, Esterified|Microdiol|Nelipramin|N-(gamma-Dimethylaminopropyl)iminodibenzyl|Norchlorimipramine|Nordicol|Norfranil|NP101|N-(Œ≥-dimethylaminopropyl)iminodibenzyl|Oestergon|oestradiol|Oestradiol|Oestradiol R|oestradiol valerate|Oestrogel|Oestroglandol|Oestrogynal|Ovahormon|Ovasterol|Ovastevol|Ovociclina|Ovocyclin|Ovocycline|Ovocylin|Perlatanol|Pramine|Prazepine|PRAZEPINE|Presamine|Primofol|Profoliol B|Profoliol|Progynon|Progynon Dh|Progynon-Dh|Promiben|Psychoforin|Ricifon|Ritsifon|Sandrena Gel|Sisare Gel|Sk-Estrogens|Sk-Pramine|Soldep|Sotipox|Succinate, Sumatriptan|Sumatran|sumatriptan|Sumatriptan|SUMAtriptan|SUMATRIPTAN|Sumatript√°n|sumatriptan succinate|Sumatriptan Succinate|SUMAtriptan Succinate|SUMATRIPTAN SUCCINATE|Sumatriptanum|Sumatriptanum [INN-Latin]|Sumax|Surplix|Syndiol|Systen|Therapeutic Estradiol|Timolet|Tipramine|Tofranil, Base|Tofraniln A|tofranil pm|tofranil-pm|Tofranil-Pm|Tofranil-PM|Tofranil-PM (imipramine pamoate)|Tradelia|Trial Sat|Trimipramine Maleate|TRIMIPRAMINE MALEATE|triptan|Trocosone|vagifem|Vagifem|vivelle|Vivelle|vivelle dot|vivelle-dot|Vivelle-Dot|Vivelle-DOT|Zerella|Zumenon",10628189
4364,"alzheimer disease|AD - Alzheimers disease|Alzheimer dementia|Alzheimer Dementias|ALZHEIMER DIS|alzheimer diseases|alzheimers dementia|ALZHEIMERS DIS|alzheimers disease|alzheimers diseases|Alzheimer Syndrome|Alzheimer Type Dementia|Alzheimer-Type Dementia|Alzheimer Type Senile Dementia|DAT|dats|Dementia, Alzheimer|dementia alzheimers|Dementia, Alzheimer Type|Dementia, Alzheimer-Type|Dementia of the Alzheimers type|DEMENTIA OF THE ALZHEIMER TYPE|Dementias, Alzheimer|Dementia, Senile|Sclerosis, Alzheimer|SDAT|Senile Dementia, Alzheimer Type|senile dementia|SENILE DEMENTIA OF THE ALZHEIMER TYPE|simple senile dementia|dementia senile",164,0.411462498,3.40E-127,"sdat (CONDITION) POS_ASSOCIATION atrophy (CONDITION) {1619811, 2006279}; atrophy (CONDITION) POS_ASSOCIATION sdat (CONDITION) {1619811, 2006279}; alzheimer disease (CONDITION) POS_ASSOCIATION atrophy (CONDITION) {8004466}; atrophy (CONDITION) POS_ASSOCIATION alzheimer disease (CONDITION) {8004466}",0.005908207,27758,dermal atrophy|Atrophic|atrophic skin|Atrophoderma|Atrophy of skin|Atrophy - skin|ATROPHY SKIN|skin atrophy|skin degeneration|atrophy|atrophy|atrophied|atrophies|atrophying,277,0.153128273,7.57E-43,,0.006737037,41116,"10,11-dihydro-N,N-Dimethyl-5H-dibenz[b,F]azepine-5-propanamine|1-[3-(2-Dimethylaminoethyl)-1H-indol-5-yl]-N-methyl-methanesulfonamide|17-beta|(17beta)-Estra-1,3,5(10)-triene-3,17-diol|17beta-Estradiol 17-Cyclopentylpropionate|17 beta estradiol|17 beta-estradiol|17 beta Estradiol|17 beta-Estradiol|17-beta-Estradiol|17 Beta-Estradiol|17-beta oestradiol|17beta oestradiol|17 beta Oestradiol|17 beta-Oestradiol|(17Œ≤)-estra-1,3,5(10)-triene-3,17-diol|17Œ≤-estra-1,3,5(10)-triene-3,17-diol|17Œ≤-estradiol|17Œ≤-oestradiol|1H-Indole-5-methanesulfonamide, 3-(2-(dimethylamino)ethyl)-N-methyl-|(3-[2-(dimethylamino)Ethyl]-1H-indol-5-yl)-N-methylmethanesulfonamide|3-(2-(dimethylamino)Ethyl)-N-methyl-1H-indole-5-methanesulfonamide|3-(2-(Dimethylamino)ethyl)-N-methyl-1H-indole-5-methanesulfonamide|3-[2-(dimethylamino)Ethyl]-N-methylindole-5-methanesulfonamide|3-(5H-DIBENZO[b,F]azepin-5-yl)-N,N-dimethylpropan-1-amine|5-[3-(dimethylamino)Propyl]-10,11-dihydro-5H-dibenz[b,F]azepine|5H-Dibenz(b,f)azepine, 10,11-dihydro-5-(3-(dimethylamino)-2-methylpropyl)-, Maleate(1:1)|5H-Dibenz(b,f)azepine-5-propanamine, 10,11-Dihydro-N,N,beta-trimethyl-,(Z)-2-Butenedioate(1:1)|5H-Dibenz(b,f)azepine-5-propanamine, 10,11-dihydro-N,N-dimethyl-|Aerodiol|Agofollin|alora|Alora|Altrad|Amnestrogen|Antideprin|Aquadiol|Bardiol|Berkomine|BETA ESTRADIOL 17|beta-Estradiol|Beta-Estradiol|Censtim|Censtin|cis-Estradiol|Cis-Estradiol|Cis-Oestradiol|Climaderm|climara|Climara|combipatch|Combipatch|Compudose 200|Compudose 365|Compudose|Corpagen|cypionate estradiol|Declomipramine|Delestrogen|depo estradiol|depo-estradiol|Depo-estradiol|Depo-Estradiol|Dermestril|D-Estradiol|Dihydrofollicular Hormone|Dihydrofolliculin|Dihydromenformon|Dihydrotheelin|Dihydroxyesterin|Dihydroxyestrin|Dihydroxyoestrin|Dimenformon|Dimenformon Prolongatum|Dimipressin|Diogyn|Diogynets|Divigel|D-Oestradiol|Dynaprin|Dyna-Zina|Elestrin|Encore|esclim|Esclim|esterified estrogen|esterified estrogens|Esterified Estrogens|esterifies estrogens|Estinyl|Estra-1,3,5(10)-triene-3,17-diol (17beta)-|estrace|Estrace¬Æ|Estrace|estraderm|Estraderm|Estraderm Tts|Estraderm TTS|Estradiol 17 beta|Estradiol 17beta|Estradiol-17 beta|Estradiol-17beta|ESTRADIOL 17-BETA|estradiol 17 beta-cyclopentanepropionate|estradiol 17 beta-cyclopentylpropionate|estradiol 17 beta-cypionate|ESTRADIOL A 017 BETA|Estradiol Anhydrous|estradiol|estradiol cypionate|Estradiol cypionate|Estradiol Cypionate|ESTRADIOL CYPIONATE|estradiols|Estradiolum|estradiol valerate|Estradiol valerate|Estradiol Valerate|ESTRADIOL VALERATE|estradiol valeriante|Estradurin|Estradurine|Estraldine|estrasorb|Estrasorb|estr|Estreva|Estrifam|estring|Estring|Estring Vaginal Ring|Estroclim 50|Estroclim|Estrofem 2|Estrofem Forte|Estrogel|EstroGel|estrogens esterified|Estrogens, esterified|Estrogens,esterified|Estrogens, Esterified|ESTROGENS, ESTERIFIED|ESTROGENS,ESTERIFIED|Estrogens, Esterified Component of Menrium|Estrogens, Esterified (USP)|Estrovite|Eupramin|Evamist|evorel|Evorel|Extrasorb|Femestral|Femestrol|Feminone|Femogen|fempatch|Fempatch|Femring|Femtrace|Femtran|Follicyclin|Ginedisc|Ginosedol|Gynergon|Gynestrel|Gynodiol|Gynoestryl|Gynpolar|Imavate|Imidobenzyle|imigran|Imigran|Imipramina|Imipramin|imipramine|Imipramine|imipramine hcl|Imipramine Hcl|imipramine hydrochloride|Imipramine Hydrochloride|IMIPRAMINE HYDROCHLORIDE|Imipramine Monohydrochloride|Imipraminum|Imiprin|imitrex|Imitrex|Imitrex Oral|Imizin|Imizine|Imizinum|Impramine|Innofem|Intalpram|Iramil|Irmin|Janimine|Lamdiol|Lynoral|Macrodiol|Macrol|Melipramin|Melipramine|menest|Menest|Menorest|Menostar|Menrium Component Estrogens, Esterified|Microdiol|Nelipramin|N-(gamma-Dimethylaminopropyl)iminodibenzyl|Norchlorimipramine|Nordicol|Norfranil|NP101|N-(Œ≥-dimethylaminopropyl)iminodibenzyl|Oestergon|oestradiol|Oestradiol|Oestradiol R|oestradiol valerate|Oestrogel|Oestroglandol|Oestrogynal|Ovahormon|Ovasterol|Ovastevol|Ovociclina|Ovocyclin|Ovocycline|Ovocylin|Perlatanol|Pramine|Prazepine|PRAZEPINE|Presamine|Primofol|Profoliol B|Profoliol|Progynon|Progynon Dh|Progynon-Dh|Promiben|Psychoforin|Ricifon|Ritsifon|Sandrena Gel|Sisare Gel|Sk-Estrogens|Sk-Pramine|Soldep|Sotipox|Succinate, Sumatriptan|Sumatran|sumatriptan|Sumatriptan|SUMAtriptan|SUMATRIPTAN|Sumatript√°n|sumatriptan succinate|Sumatriptan Succinate|SUMAtriptan Succinate|SUMATRIPTAN SUCCINATE|Sumatriptanum|Sumatriptanum [INN-Latin]|Sumax|Surplix|Syndiol|Systen|Therapeutic Estradiol|Timolet|Tipramine|Tofranil, Base|Tofraniln A|tofranil pm|tofranil-pm|Tofranil-Pm|Tofranil-PM|Tofranil-PM (imipramine pamoate)|Tradelia|Trial Sat|Trimipramine Maleate|TRIMIPRAMINE MALEATE|triptan|Trocosone|vagifem|Vagifem|vivelle|Vivelle|vivelle dot|vivelle-dot|Vivelle-Dot|Vivelle-DOT|Zerella|Zumenon",10628189
4364,"alzheimer disease|AD - Alzheimers disease|Alzheimer dementia|Alzheimer Dementias|ALZHEIMER DIS|alzheimer diseases|alzheimers dementia|ALZHEIMERS DIS|alzheimers disease|alzheimers diseases|Alzheimer Syndrome|Alzheimer Type Dementia|Alzheimer-Type Dementia|Alzheimer Type Senile Dementia|DAT|dats|Dementia, Alzheimer|dementia alzheimers|Dementia, Alzheimer Type|Dementia, Alzheimer-Type|Dementia of the Alzheimers type|DEMENTIA OF THE ALZHEIMER TYPE|Dementias, Alzheimer|Dementia, Senile|Sclerosis, Alzheimer|SDAT|Senile Dementia, Alzheimer Type|senile dementia|SENILE DEMENTIA OF THE ALZHEIMER TYPE|simple senile dementia|dementia senile",109,0.162265638,2.71E-50,,0.002616419,41660,central nervous system disease|Central nervous system|Central nervous system (CNS) disease|central nervous system diseases|Central nervous system--Diseases|central nervous system disorder|central nervous system disorders|cns disease|cns diseases|cns disorder|cns disorders|disease central nervous system|Disease of the central nervous system|Diseases of the central nervous system|DISORDER CENTRAL NERVOUS SYSTEM|Disorder of Central Nervous System|Disorder of the central nervous system|encephalomyeloneuropathy,251,0.053169086,2.98E-11,,0.006104679,41116,"10,11-dihydro-N,N-Dimethyl-5H-dibenz[b,F]azepine-5-propanamine|1-[3-(2-Dimethylaminoethyl)-1H-indol-5-yl]-N-methyl-methanesulfonamide|17-beta|(17beta)-Estra-1,3,5(10)-triene-3,17-diol|17beta-Estradiol 17-Cyclopentylpropionate|17 beta estradiol|17 beta-estradiol|17 beta Estradiol|17 beta-Estradiol|17-beta-Estradiol|17 Beta-Estradiol|17-beta oestradiol|17beta oestradiol|17 beta Oestradiol|17 beta-Oestradiol|(17Œ≤)-estra-1,3,5(10)-triene-3,17-diol|17Œ≤-estra-1,3,5(10)-triene-3,17-diol|17Œ≤-estradiol|17Œ≤-oestradiol|1H-Indole-5-methanesulfonamide, 3-(2-(dimethylamino)ethyl)-N-methyl-|(3-[2-(dimethylamino)Ethyl]-1H-indol-5-yl)-N-methylmethanesulfonamide|3-(2-(dimethylamino)Ethyl)-N-methyl-1H-indole-5-methanesulfonamide|3-(2-(Dimethylamino)ethyl)-N-methyl-1H-indole-5-methanesulfonamide|3-[2-(dimethylamino)Ethyl]-N-methylindole-5-methanesulfonamide|3-(5H-DIBENZO[b,F]azepin-5-yl)-N,N-dimethylpropan-1-amine|5-[3-(dimethylamino)Propyl]-10,11-dihydro-5H-dibenz[b,F]azepine|5H-Dibenz(b,f)azepine, 10,11-dihydro-5-(3-(dimethylamino)-2-methylpropyl)-, Maleate(1:1)|5H-Dibenz(b,f)azepine-5-propanamine, 10,11-Dihydro-N,N,beta-trimethyl-,(Z)-2-Butenedioate(1:1)|5H-Dibenz(b,f)azepine-5-propanamine, 10,11-dihydro-N,N-dimethyl-|Aerodiol|Agofollin|alora|Alora|Altrad|Amnestrogen|Antideprin|Aquadiol|Bardiol|Berkomine|BETA ESTRADIOL 17|beta-Estradiol|Beta-Estradiol|Censtim|Censtin|cis-Estradiol|Cis-Estradiol|Cis-Oestradiol|Climaderm|climara|Climara|combipatch|Combipatch|Compudose 200|Compudose 365|Compudose|Corpagen|cypionate estradiol|Declomipramine|Delestrogen|depo estradiol|depo-estradiol|Depo-estradiol|Depo-Estradiol|Dermestril|D-Estradiol|Dihydrofollicular Hormone|Dihydrofolliculin|Dihydromenformon|Dihydrotheelin|Dihydroxyesterin|Dihydroxyestrin|Dihydroxyoestrin|Dimenformon|Dimenformon Prolongatum|Dimipressin|Diogyn|Diogynets|Divigel|D-Oestradiol|Dynaprin|Dyna-Zina|Elestrin|Encore|esclim|Esclim|esterified estrogen|esterified estrogens|Esterified Estrogens|esterifies estrogens|Estinyl|Estra-1,3,5(10)-triene-3,17-diol (17beta)-|estrace|Estrace¬Æ|Estrace|estraderm|Estraderm|Estraderm Tts|Estraderm TTS|Estradiol 17 beta|Estradiol 17beta|Estradiol-17 beta|Estradiol-17beta|ESTRADIOL 17-BETA|estradiol 17 beta-cyclopentanepropionate|estradiol 17 beta-cyclopentylpropionate|estradiol 17 beta-cypionate|ESTRADIOL A 017 BETA|Estradiol Anhydrous|estradiol|estradiol cypionate|Estradiol cypionate|Estradiol Cypionate|ESTRADIOL CYPIONATE|estradiols|Estradiolum|estradiol valerate|Estradiol valerate|Estradiol Valerate|ESTRADIOL VALERATE|estradiol valeriante|Estradurin|Estradurine|Estraldine|estrasorb|Estrasorb|estr|Estreva|Estrifam|estring|Estring|Estring Vaginal Ring|Estroclim 50|Estroclim|Estrofem 2|Estrofem Forte|Estrogel|EstroGel|estrogens esterified|Estrogens, esterified|Estrogens,esterified|Estrogens, Esterified|ESTROGENS, ESTERIFIED|ESTROGENS,ESTERIFIED|Estrogens, Esterified Component of Menrium|Estrogens, Esterified (USP)|Estrovite|Eupramin|Evamist|evorel|Evorel|Extrasorb|Femestral|Femestrol|Feminone|Femogen|fempatch|Fempatch|Femring|Femtrace|Femtran|Follicyclin|Ginedisc|Ginosedol|Gynergon|Gynestrel|Gynodiol|Gynoestryl|Gynpolar|Imavate|Imidobenzyle|imigran|Imigran|Imipramina|Imipramin|imipramine|Imipramine|imipramine hcl|Imipramine Hcl|imipramine hydrochloride|Imipramine Hydrochloride|IMIPRAMINE HYDROCHLORIDE|Imipramine Monohydrochloride|Imipraminum|Imiprin|imitrex|Imitrex|Imitrex Oral|Imizin|Imizine|Imizinum|Impramine|Innofem|Intalpram|Iramil|Irmin|Janimine|Lamdiol|Lynoral|Macrodiol|Macrol|Melipramin|Melipramine|menest|Menest|Menorest|Menostar|Menrium Component Estrogens, Esterified|Microdiol|Nelipramin|N-(gamma-Dimethylaminopropyl)iminodibenzyl|Norchlorimipramine|Nordicol|Norfranil|NP101|N-(Œ≥-dimethylaminopropyl)iminodibenzyl|Oestergon|oestradiol|Oestradiol|Oestradiol R|oestradiol valerate|Oestrogel|Oestroglandol|Oestrogynal|Ovahormon|Ovasterol|Ovastevol|Ovociclina|Ovocyclin|Ovocycline|Ovocylin|Perlatanol|Pramine|Prazepine|PRAZEPINE|Presamine|Primofol|Profoliol B|Profoliol|Progynon|Progynon Dh|Progynon-Dh|Promiben|Psychoforin|Ricifon|Ritsifon|Sandrena Gel|Sisare Gel|Sk-Estrogens|Sk-Pramine|Soldep|Sotipox|Succinate, Sumatriptan|Sumatran|sumatriptan|Sumatriptan|SUMAtriptan|SUMATRIPTAN|Sumatript√°n|sumatriptan succinate|Sumatriptan Succinate|SUMAtriptan Succinate|SUMATRIPTAN SUCCINATE|Sumatriptanum|Sumatriptanum [INN-Latin]|Sumax|Surplix|Syndiol|Systen|Therapeutic Estradiol|Timolet|Tipramine|Tofranil, Base|Tofraniln A|tofranil pm|tofranil-pm|Tofranil-Pm|Tofranil-PM|Tofranil-PM (imipramine pamoate)|Tradelia|Trial Sat|Trimipramine Maleate|TRIMIPRAMINE MALEATE|triptan|Trocosone|vagifem|Vagifem|vivelle|Vivelle|vivelle dot|vivelle-dot|Vivelle-Dot|Vivelle-DOT|Zerella|Zumenon",10628189
,,,,,,,,,,,,,,,,
a_count,a_term,ab_count,ab_pred_score,ab_pvalue,ab_relationship,ab_sort_ratio,b_count,b_term,bc_count,bc_pred_score,bc_pvalue,bc_relationship,bc_sort_ratio,c_count,c_term,total_count
1554,"raynaud|raynaud phenomenon|phenomenon raynauds|raynaud disease|Raynauds Disease|raynauds phenomenon|Raynauds phenomenon, secondary|raynauds syndrome|raynaud syndrome|syndrome raynaud",22,0.156829063,1.84E-33,,0.016369048,1344,coagulability|blood viscosity,5,0.121004565,4.61E-10,,0.027027027,185,"fish oil|Fish oil|Fish Oil|FISH OIL|Fish oil containing omega-3 acids|fish oil products|fish oils|Fish oils|Fish Oils|Oil, Fish|Oils, Fish|Omega-3 fish oil|Seafood Oil",6904171
,,,,,,,,,,,,,,,,
a_count,a_term,ab_count,ab_pred_score,ab_pvalue,ab_relationship,ab_sort_ratio,b_count,b_term,bc_count,bc_pred_score,bc_pvalue,bc_relationship,bc_sort_ratio,c_count,c_term,total_count
3957,"migraine|migraine headache|disorder migraine|Disorder, Migraine|disorders migraine|Disorders, Migraine|Headache, Migraine|headache migraines|Headaches, Migraine|Migraine Disorder|Migraine Disorders|migraine headaches|migraines|migraine syndrome|migraine syndromes",52,0.082671853,5.81E-24,migraine (CONDITION) POS_ASSOCIATION seizures (CONDITION) {952205}; seizures (CONDITION) POS_ASSOCIATION migraine (CONDITION) {952205},0.003188033,16311,seizures|seizure|convulsions|Convulsion,119,0.138500084,7.09E-36,"magnesium (DRUG) INHIBITS convulsions (CONDITION) {19868258, 6215091}; magnesium (DRUG) TREATS convulsions (CONDITION) {900196, 414910}",0.008790072,13538,"magnesium|MAGNESIUM|Mg element|Magnesium|mineral supplements magnesium|Elemental Magnesium|Mg - Magnesium|Magnesium, NOS|Magnesium (substance)",7559815
3957,"migraine|migraine headache|disorder migraine|Disorder, Migraine|disorders migraine|Disorders, Migraine|Headache, Migraine|headache migraines|Headaches, Migraine|Migraine Disorder|Migraine Disorders|migraine headaches|migraines|migraine syndrome|migraine syndromes",89,0.120036488,2.17E-36,"migraine (CONDITION) POS_ASSOCIATION depression (CONDITION) {3123067, 573780}; depression (CONDITION) POS_ASSOCIATION migraine (CONDITION) {3123067, 573780}",0.002858978,31130,"depression|depressive disorder|depression nos|Depressive disorder NOS|Depressive disorder, NOS|Depressive Disorders|depressive illness|Depressive Neuroses|depressive neurosis|Disorder, Depressive|Disorders, Depressive|Neuroses, Depressive|Neurosis, Depressive",132,0.08760341,2.20E-18,magnesium (CHEMICAL) POS_ASSOCIATION depression (CONDITION) {1164868},0.009750332,13538,"magnesium|MAGNESIUM|Mg element|Magnesium|mineral supplements magnesium|Elemental Magnesium|Mg - Magnesium|Magnesium, NOS|Magnesium (substance)",7559815
3957,"migraine|migraine headache|disorder migraine|Disorder, Migraine|disorders migraine|Disorders, Migraine|Headache, Migraine|headache migraines|Headaches, Migraine|Migraine Disorder|Migraine Disorders|migraine headaches|migraines|migraine syndrome|migraine syndromes",31,0.080128307,7.21E-21,,0.005272109,5880,"muscle spasms|muscle spasm|muscular spasm|muscular spasms|Myospasm|Skeletal muscle spasm|spasm|Spasm, Muscle|SPASM MUSCLE|spasm of muscle|spasms|Spasms [D]|Spasms, Muscle|muscle cramps|cramp|cramping|cramps|Cramps, Muscle|muscle cramp|Muscle cramping|Muscles cramps|muscular cramp|muscular cramps",40,0.045566435,3.12E-12,magnesium (DRUG) TREATS muscle cramps (CONDITION) {6553557},0.002954646,13538,"magnesium|MAGNESIUM|Mg element|Magnesium|mineral supplements magnesium|Elemental Magnesium|Mg - Magnesium|Magnesium, NOS|Magnesium (substance)",7559815
3957,"migraine|migraine headache|disorder migraine|Disorder, Migraine|disorders migraine|Disorders, Migraine|Headache, Migraine|headache migraines|Headaches, Migraine|Migraine Disorder|Migraine Disorders|migraine headaches|migraines|migraine syndrome|migraine syndromes",138,0.350620891,5.78E-106,,0.007352941,18768,tension|Tense|Tense Feeling|tensions,68,0.038410688,1.15E-07,,0.005022899,13538,"magnesium|MAGNESIUM|Mg element|Magnesium|mineral supplements magnesium|Elemental Magnesium|Mg - Magnesium|Magnesium, NOS|Magnesium (substance)",7559815
,,,,,,,,,,,,,,,,
a_count,a_term,ab_count,ab_pred_score,ab_pvalue,ab_relationship,ab_sort_ratio,b_count,b_term,bc_count,bc_pred_score,bc_pvalue,bc_relationship,bc_sort_ratio,c_count,c_term,total_count
1072,human insulin-like growth factor I|IGF-1|IGF1|Increlex|Insulin-like growth factor 1|Iplex|mecasermin|Mecasermin|MECASERMIN|Mecasermin recombinant|mecasermin rinfabate|Mecasermin rinfabate|Mecasermin Rinfabate|MECASERMIN RINFABATE|Mecasermin rinfabate recombinant|Mechano growth factor|mescamerin recombinant|Recombinant IGF-I|Recombinant Insulin-Like Growth Factor 1|rhIGF-1|Somatomedin-C,337,0.596520242,2.48E-192,,0.000984801,342201,normal gait|Gait normal|Gait-normal|Normal,2337,1.459880765,0,,0.127865623,18277,"2-Amino-5-guanidinovaleric acid|(2S)-2-amino-5-(carbamimidamido)pentanoic acid|(2S)-2-amino-5-guanidinopentanoic acid|Amino-5-guanidino-pentanoic acid|Argamine|arg|Arg|Arginine|Arginine, L Isomer|Arginine, L-Isomer|Argivene|Detoxargin|L-a-Amino-d-guanidinovaleric acid|L-Arg|L-Arginin|l arginine|l-arginine|L-arginine|L Arginine|L-(+)-Arginine|L-Arginine|Levargin|L-Isomer Arginine|Minophagen A|R-Gene 10|(S)-2-Amino-5-[(aminoiminomethyl)amino]pentanoic acid|(S)-2-amino-5-guanidinopentanoic acid|(s)-2-amino-5-guanidinovaleric acid|(S)-2-Amino-5-guanidinovaleric acid",8283218
1072,human insulin-like growth factor I|IGF-1|IGF1|Increlex|Insulin-like growth factor 1|Iplex|mecasermin|Mecasermin|MECASERMIN|Mecasermin recombinant|mecasermin rinfabate|Mecasermin rinfabate|Mecasermin Rinfabate|MECASERMIN RINFABATE|Mecasermin rinfabate recombinant|Mechano growth factor|mescamerin recombinant|Recombinant IGF-I|Recombinant Insulin-Like Growth Factor 1|rhIGF-1|Somatomedin-C,85,0.103571754,1.84E-33,,0.000660466,128697,"paraganglioma|carotid body tumors|Gangliocytic paraganglioma|Gangliocytic Paragangliomas|Paragangliomas 1|paragangliomas|Paragangliomata|Paraganglion Tumor|PGL1|PGL|Tumor of the Paraganglion|chemodectoma|chemodectomas|Extra-adrenal paraganglioma|Extraadrenal Paraganglioma|Extra-Adrenal Paragangliomas|[M]|Non-chromaffin paraganglioma|Nonchromaffin paraganglioma|Nonchromaffin Paragangliomas|Non-Chromaffin Paragangliomas|Paraganglioma, Extra Adrenal|Paraganglioma, Extra-Adrenal|Paragangliomas, Extra-Adrenal",1622,1.312386028,0,,0.088745418,18277,"2-Amino-5-guanidinovaleric acid|(2S)-2-amino-5-(carbamimidamido)pentanoic acid|(2S)-2-amino-5-guanidinopentanoic acid|Amino-5-guanidino-pentanoic acid|Argamine|arg|Arg|Arginine|Arginine, L Isomer|Arginine, L-Isomer|Argivene|Detoxargin|L-a-Amino-d-guanidinovaleric acid|L-Arg|L-Arginin|l arginine|l-arginine|L-arginine|L Arginine|L-(+)-Arginine|L-Arginine|Levargin|L-Isomer Arginine|Minophagen A|R-Gene 10|(S)-2-Amino-5-[(aminoiminomethyl)amino]pentanoic acid|(S)-2-amino-5-guanidinopentanoic acid|(s)-2-amino-5-guanidinovaleric acid|(S)-2-Amino-5-guanidinovaleric acid",8283218
1072,human insulin-like growth factor I|IGF-1|IGF1|Increlex|Insulin-like growth factor 1|Iplex|mecasermin|Mecasermin|MECASERMIN|Mecasermin recombinant|mecasermin rinfabate|Mecasermin rinfabate|Mecasermin Rinfabate|MECASERMIN RINFABATE|Mecasermin rinfabate recombinant|Mechano growth factor|mescamerin recombinant|Recombinant IGF-I|Recombinant Insulin-Like Growth Factor 1|rhIGF-1|Somatomedin-C,102,0.203409964,4.70E-65,igf 1 (GGP) ACTIVATES glucose (CHEMICAL) {2560811},0.001264223,80682,"glucose intolerance|chemical diabetes|diabetes chemical|Glucose:|Glucose Intolerances|glucose malabsorption|Glucose Tolerance, Impaired|IGT - Impaired glucose tolerance|impaired glucose tolerance|Impaired Glucose Tolerances|Intolerance, Glucose|latent diabetes|malabsorption of glucose|Tolerance, Impaired Glucose",1426,1.273059081,0,"arginine (DRUG) ACTIVATES glucose (CHEMICAL) {6337043, 7035320, 7033273, 976605, 447838}; arginine (CHEMICAL) ACTIVATES glucose (CHEMICAL) {6137927, 426665, 383597, 6754493, 447838}; glucose (CHEMICAL) POS_ASSOCIATION arginine (DRUG) {6751896, 421970, 7045315, 7028907}; arginine (DRUG) POS_ASSOCIATION glucose (CHEMICAL) {6751896, 421970, 7045315, 7028907}; arginine (CHEMICAL) INHIBITS glucose (CHEMICAL) {381321, 3478019, 830637, 3080558}; glucose (CHEMICAL) POS_ASSOCIATION arginine (CHEMICAL) {7026333}; arginine (CHEMICAL) REGULATES glucose (CHEMICAL) {3478019}; arginine (CHEMICAL) POS_ASSOCIATION glucose (CHEMICAL) {7026333}",0.078021557,18277,"2-Amino-5-guanidinovaleric acid|(2S)-2-amino-5-(carbamimidamido)pentanoic acid|(2S)-2-amino-5-guanidinopentanoic acid|Amino-5-guanidino-pentanoic acid|Argamine|arg|Arg|Arginine|Arginine, L Isomer|Arginine, L-Isomer|Argivene|Detoxargin|L-a-Amino-d-guanidinovaleric acid|L-Arg|L-Arginin|l arginine|l-arginine|L-arginine|L Arginine|L-(+)-Arginine|L-Arginine|Levargin|L-Isomer Arginine|Minophagen A|R-Gene 10|(S)-2-Amino-5-[(aminoiminomethyl)amino]pentanoic acid|(S)-2-amino-5-guanidinopentanoic acid|(s)-2-amino-5-guanidinovaleric acid|(S)-2-Amino-5-guanidinovaleric acid",8283218
1072,human insulin-like growth factor I|IGF-1|IGF1|Increlex|Insulin-like growth factor 1|Iplex|mecasermin|Mecasermin|MECASERMIN|Mecasermin recombinant|mecasermin rinfabate|Mecasermin rinfabate|Mecasermin Rinfabate|MECASERMIN RINFABATE|Mecasermin rinfabate recombinant|Mechano growth factor|mescamerin recombinant|Recombinant IGF-I|Recombinant Insulin-Like Growth Factor 1|rhIGF-1|Somatomedin-C,90,0.099103733,4.32E-32,,0.00059514,151225,cognitive abnormality|intellectual deficiency|intellectual impairment|mental impairment|disabilities mental|handicap mental|handicaps mental|mental disability|mental handicap|mental subnormality|[X]|altered mental status|Abnormal mental state|alter mental status,1316,1.251187753,0,,0.072003064,18277,"2-Amino-5-guanidinovaleric acid|(2S)-2-amino-5-(carbamimidamido)pentanoic acid|(2S)-2-amino-5-guanidinopentanoic acid|Amino-5-guanidino-pentanoic acid|Argamine|arg|Arg|Arginine|Arginine, L Isomer|Arginine, L-Isomer|Argivene|Detoxargin|L-a-Amino-d-guanidinovaleric acid|L-Arg|L-Arginin|l arginine|l-arginine|L-arginine|L Arginine|L-(+)-Arginine|L-Arginine|Levargin|L-Isomer Arginine|Minophagen A|R-Gene 10|(S)-2-Amino-5-[(aminoiminomethyl)amino]pentanoic acid|(S)-2-amino-5-guanidinopentanoic acid|(s)-2-amino-5-guanidinovaleric acid|(S)-2-Amino-5-guanidinovaleric acid",8283218
1072,human insulin-like growth factor I|IGF-1|IGF1|Increlex|Insulin-like growth factor 1|Iplex|mecasermin|Mecasermin|MECASERMIN|Mecasermin recombinant|mecasermin rinfabate|Mecasermin rinfabate|Mecasermin Rinfabate|MECASERMIN RINFABATE|Mecasermin rinfabate recombinant|Mechano growth factor|mescamerin recombinant|Recombinant IGF-I|Recombinant Insulin-Like Growth Factor 1|rhIGF-1|Somatomedin-C,118,0.37350843,4.93E-118,,0.003067804,38464,"pituitary disease|abnormality of the pituitary gland|disease pituitary|Disease, Pituitary|Diseases, Pituitary|Disorder of pituitary|disorder of pituitary gland|disorder pituitary|Disorder, Pituitary|disorders pituitary|Disorders, Pituitary|Hypophyseal Disorder|Hypophyseal Disorders|Pituitary|pituitary diseases|pituitary disorder|pituitary disorders|pituitary gland disease|pituitary gland diseases|Pituitary gland--Diseases",667,1.124965603,0,,0.036493954,18277,"2-Amino-5-guanidinovaleric acid|(2S)-2-amino-5-(carbamimidamido)pentanoic acid|(2S)-2-amino-5-guanidinopentanoic acid|Amino-5-guanidino-pentanoic acid|Argamine|arg|Arg|Arginine|Arginine, L Isomer|Arginine, L-Isomer|Argivene|Detoxargin|L-a-Amino-d-guanidinovaleric acid|L-Arg|L-Arginin|l arginine|l-arginine|L-arginine|L Arginine|L-(+)-Arginine|L-Arginine|Levargin|L-Isomer Arginine|Minophagen A|R-Gene 10|(S)-2-Amino-5-[(aminoiminomethyl)amino]pentanoic acid|(S)-2-amino-5-guanidinopentanoic acid|(s)-2-amino-5-guanidinovaleric acid|(S)-2-Amino-5-guanidinovaleric acid",8283218
1072,human insulin-like growth factor I|IGF-1|IGF1|Increlex|Insulin-like growth factor 1|Iplex|mecasermin|Mecasermin|MECASERMIN|Mecasermin recombinant|mecasermin rinfabate|Mecasermin rinfabate|Mecasermin Rinfabate|MECASERMIN RINFABATE|Mecasermin rinfabate recombinant|Mechano growth factor|mescamerin recombinant|Recombinant IGF-I|Recombinant Insulin-Like Growth Factor 1|rhIGF-1|Somatomedin-C,94,0.087270854,2.30E-28,,0.00050705,185386,"liver disease|DISEASE HEPATOCELLULAR|Disease, Liver|disease of liver|Diseases, Liver|diseases of liver|diseases of the liver|DISORDER HEPATIC|DISORDER LIVER|Disorder of liver|hepatic disease|Hepatic Diseases|hepatic disorder|hepatic disorders|HEPATIC: HEPATOCELLULAR|hepatocellular disease|hepatopathy|Liver|LIVER DIS|liver diseases|Liver--Diseases|liver diseases of|liver disorder|liver disorders",1038,0.67227471,2.17E-154,,0.05679269,18277,"2-Amino-5-guanidinovaleric acid|(2S)-2-amino-5-(carbamimidamido)pentanoic acid|(2S)-2-amino-5-guanidinopentanoic acid|Amino-5-guanidino-pentanoic acid|Argamine|arg|Arg|Arginine|Arginine, L Isomer|Arginine, L-Isomer|Argivene|Detoxargin|L-a-Amino-d-guanidinovaleric acid|L-Arg|L-Arginin|l arginine|l-arginine|L-arginine|L Arginine|L-(+)-Arginine|L-Arginine|Levargin|L-Isomer Arginine|Minophagen A|R-Gene 10|(S)-2-Amino-5-[(aminoiminomethyl)amino]pentanoic acid|(S)-2-amino-5-guanidinopentanoic acid|(s)-2-amino-5-guanidinovaleric acid|(S)-2-Amino-5-guanidinovaleric acid",8283218
1072,human insulin-like growth factor I|IGF-1|IGF1|Increlex|Insulin-like growth factor 1|Iplex|mecasermin|Mecasermin|MECASERMIN|Mecasermin recombinant|mecasermin rinfabate|Mecasermin rinfabate|Mecasermin Rinfabate|MECASERMIN RINFABATE|Mecasermin rinfabate recombinant|Mechano growth factor|mescamerin recombinant|Recombinant IGF-I|Recombinant Insulin-Like Growth Factor 1|rhIGF-1|Somatomedin-C,72,0.096631627,3.83E-31,,0.00073199,98362,erythema|Erythema of skin|erythemas|erythematous condition|erythematous conditions|Injection|Redness|redness of skin|redness skin|Red skin|skin erythema|SKIN RED|skin redness,718,0.632475357,1.67E-161,,0.039284346,18277,"2-Amino-5-guanidinovaleric acid|(2S)-2-amino-5-(carbamimidamido)pentanoic acid|(2S)-2-amino-5-guanidinopentanoic acid|Amino-5-guanidino-pentanoic acid|Argamine|arg|Arg|Arginine|Arginine, L Isomer|Arginine, L-Isomer|Argivene|Detoxargin|L-a-Amino-d-guanidinovaleric acid|L-Arg|L-Arginin|l arginine|l-arginine|L-arginine|L Arginine|L-(+)-Arginine|L-Arginine|Levargin|L-Isomer Arginine|Minophagen A|R-Gene 10|(S)-2-Amino-5-[(aminoiminomethyl)amino]pentanoic acid|(S)-2-amino-5-guanidinopentanoic acid|(s)-2-amino-5-guanidinovaleric acid|(S)-2-Amino-5-guanidinovaleric acid",8283218
1072,human insulin-like growth factor I|IGF-1|IGF1|Increlex|Insulin-like growth factor 1|Iplex|mecasermin|Mecasermin|MECASERMIN|Mecasermin recombinant|mecasermin rinfabate|Mecasermin rinfabate|Mecasermin Rinfabate|MECASERMIN RINFABATE|Mecasermin rinfabate recombinant|Mechano growth factor|mescamerin recombinant|Recombinant IGF-I|Recombinant Insulin-Like Growth Factor 1|rhIGF-1|Somatomedin-C,16,0.036932679,2.73E-11,,0.001256577,12733,schwachman-diamond syndrome|Pancreatic insufficiency and bone marrow dysfunction|schwachman diamond syndrome|schwachmans syndrome|SDS|Shwachman-Bodian-Diamond Syndrome|shwachman diamond syndrome|shwachman-diamond syndrome|shwachmans syndrome|shwachman syndrome,246,0.479272231,8.09E-141,,0.013459539,18277,"2-Amino-5-guanidinovaleric acid|(2S)-2-amino-5-(carbamimidamido)pentanoic acid|(2S)-2-amino-5-guanidinopentanoic acid|Amino-5-guanidino-pentanoic acid|Argamine|arg|Arg|Arginine|Arginine, L Isomer|Arginine, L-Isomer|Argivene|Detoxargin|L-a-Amino-d-guanidinovaleric acid|L-Arg|L-Arginin|l arginine|l-arginine|L-arginine|L Arginine|L-(+)-Arginine|L-Arginine|Levargin|L-Isomer Arginine|Minophagen A|R-Gene 10|(S)-2-Amino-5-[(aminoiminomethyl)amino]pentanoic acid|(S)-2-amino-5-guanidinopentanoic acid|(s)-2-amino-5-guanidinovaleric acid|(S)-2-Amino-5-guanidinovaleric acid",8283218
1072,human insulin-like growth factor I|IGF-1|IGF1|Increlex|Insulin-like growth factor 1|Iplex|mecasermin|Mecasermin|MECASERMIN|Mecasermin recombinant|mecasermin rinfabate|Mecasermin rinfabate|Mecasermin Rinfabate|MECASERMIN RINFABATE|Mecasermin rinfabate recombinant|Mechano growth factor|mescamerin recombinant|Recombinant IGF-I|Recombinant Insulin-Like Growth Factor 1|rhIGF-1|Somatomedin-C,18,0.056999773,1.05E-16,,0.002236858,8047,"hypoglycemia|hypoglycemia neonatal|Hypoglycemia, neonatal|neonatal hypoglycaemia|neonatal hypoglycemia|hypoglycaemia|Blood Glucose, Low|Glucose, Low Blood|Hypoglycaemic disorder|Hypoglycaemic syndrome|Hypoglycemia (disorder)|Hypoglycemic disorder|Hypoglycemic syndrome|Low Blood Glucose|low blood sugar|low blood sugar level",205,0.469370817,4.36E-140,,0.011216283,18277,"2-Amino-5-guanidinovaleric acid|(2S)-2-amino-5-(carbamimidamido)pentanoic acid|(2S)-2-amino-5-guanidinopentanoic acid|Amino-5-guanidino-pentanoic acid|Argamine|arg|Arg|Arginine|Arginine, L Isomer|Arginine, L-Isomer|Argivene|Detoxargin|L-a-Amino-d-guanidinovaleric acid|L-Arg|L-Arginin|l arginine|l-arginine|L-arginine|L Arginine|L-(+)-Arginine|L-Arginine|Levargin|L-Isomer Arginine|Minophagen A|R-Gene 10|(S)-2-Amino-5-[(aminoiminomethyl)amino]pentanoic acid|(S)-2-amino-5-guanidinopentanoic acid|(s)-2-amino-5-guanidinovaleric acid|(S)-2-Amino-5-guanidinovaleric acid",8283218
1072,human insulin-like growth factor I|IGF-1|IGF1|Increlex|Insulin-like growth factor 1|Iplex|mecasermin|Mecasermin|MECASERMIN|Mecasermin recombinant|mecasermin rinfabate|Mecasermin rinfabate|Mecasermin Rinfabate|MECASERMIN RINFABATE|Mecasermin rinfabate recombinant|Mechano growth factor|mescamerin recombinant|Recombinant IGF-I|Recombinant Insulin-Like Growth Factor 1|rhIGF-1|Somatomedin-C,24,0.037037792,7.64E-12,,0.000779195,30801,falls|fall|fall down|falling|falling down|fall injury|Unspecified fall,299,0.348261942,2.63E-95,,0.016359359,18277,"2-Amino-5-guanidinovaleric acid|(2S)-2-amino-5-(carbamimidamido)pentanoic acid|(2S)-2-amino-5-guanidinopentanoic acid|Amino-5-guanidino-pentanoic acid|Argamine|arg|Arg|Arginine|Arginine, L Isomer|Arginine, L-Isomer|Argivene|Detoxargin|L-a-Amino-d-guanidinovaleric acid|L-Arg|L-Arginin|l arginine|l-arginine|L-arginine|L Arginine|L-(+)-Arginine|L-Arginine|Levargin|L-Isomer Arginine|Minophagen A|R-Gene 10|(S)-2-Amino-5-[(aminoiminomethyl)amino]pentanoic acid|(S)-2-amino-5-guanidinopentanoic acid|(s)-2-amino-5-guanidinovaleric acid|(S)-2-Amino-5-guanidinovaleric acid",8283218
1072,human insulin-like growth factor I|IGF-1|IGF1|Increlex|Insulin-like growth factor 1|Iplex|mecasermin|Mecasermin|MECASERMIN|Mecasermin recombinant|mecasermin rinfabate|Mecasermin rinfabate|Mecasermin Rinfabate|MECASERMIN RINFABATE|Mecasermin rinfabate recombinant|Mechano growth factor|mescamerin recombinant|Recombinant IGF-I|Recombinant Insulin-Like Growth Factor 1|rhIGF-1|Somatomedin-C,8,0.024200812,6.59E-07,,0.001505174,5315,"hyperglycemia|Blood Glucose, High|[D]Hyperglycemia|Elevated Blood Glucose|elevated blood sugar|Glucose, High Blood|high blood glucose|high blood sugar|high blood sugar level|hyperglycaemia|Hyperglycemias|Hyperglycemic disorder",127,0.281773404,3.61E-84,"arginine (CHEMICAL) ACTIVATES hyperglycemia (CONDITION) {7002081, 504786, 447838}",0.006948624,18277,"2-Amino-5-guanidinovaleric acid|(2S)-2-amino-5-(carbamimidamido)pentanoic acid|(2S)-2-amino-5-guanidinopentanoic acid|Amino-5-guanidino-pentanoic acid|Argamine|arg|Arg|Arginine|Arginine, L Isomer|Arginine, L-Isomer|Argivene|Detoxargin|L-a-Amino-d-guanidinovaleric acid|L-Arg|L-Arginin|l arginine|l-arginine|L-arginine|L Arginine|L-(+)-Arginine|L-Arginine|Levargin|L-Isomer Arginine|Minophagen A|R-Gene 10|(S)-2-Amino-5-[(aminoiminomethyl)amino]pentanoic acid|(S)-2-amino-5-guanidinopentanoic acid|(s)-2-amino-5-guanidinovaleric acid|(S)-2-Amino-5-guanidinovaleric acid",8283218
1072,human insulin-like growth factor I|IGF-1|IGF1|Increlex|Insulin-like growth factor 1|Iplex|mecasermin|Mecasermin|MECASERMIN|Mecasermin recombinant|mecasermin rinfabate|Mecasermin rinfabate|Mecasermin Rinfabate|MECASERMIN RINFABATE|Mecasermin rinfabate recombinant|Mechano growth factor|mescamerin recombinant|Recombinant IGF-I|Recombinant Insulin-Like Growth Factor 1|rhIGF-1|Somatomedin-C,12,0.053880275,4.07E-14,,0.003688903,3253,hyperinsulinemia|Hyperinsulinism|Increased insulin level|elevated insulin level|high insulin|hyperinsulinaemia|hyperinsulism|increased insulin|increasing insulin|insulin high|INSULIN INCREASE,88,0.209829477,2.92E-63,,0.004814795,18277,"2-Amino-5-guanidinovaleric acid|(2S)-2-amino-5-(carbamimidamido)pentanoic acid|(2S)-2-amino-5-guanidinopentanoic acid|Amino-5-guanidino-pentanoic acid|Argamine|arg|Arg|Arginine|Arginine, L Isomer|Arginine, L-Isomer|Argivene|Detoxargin|L-a-Amino-d-guanidinovaleric acid|L-Arg|L-Arginin|l arginine|l-arginine|L-arginine|L Arginine|L-(+)-Arginine|L-Arginine|Levargin|L-Isomer Arginine|Minophagen A|R-Gene 10|(S)-2-Amino-5-[(aminoiminomethyl)amino]pentanoic acid|(S)-2-amino-5-guanidinopentanoic acid|(s)-2-amino-5-guanidinovaleric acid|(S)-2-Amino-5-guanidinovaleric acid",8283218
1072,human insulin-like growth factor I|IGF-1|IGF1|Increlex|Insulin-like growth factor 1|Iplex|mecasermin|Mecasermin|MECASERMIN|Mecasermin recombinant|mecasermin rinfabate|Mecasermin rinfabate|Mecasermin Rinfabate|MECASERMIN RINFABATE|Mecasermin rinfabate recombinant|Mechano growth factor|mescamerin recombinant|Recombinant IGF-I|Recombinant Insulin-Like Growth Factor 1|rhIGF-1|Somatomedin-C,48,0.1155124,3.07E-36,,0.001653918,29022,"cutaneous mastocytosis|CM|Cutaneous Mastocytoses|Mastocytosis, Cutaneous|Mastocytosis, Skin|Skin Mastocytosis",223,0.207578066,1.91E-54,,0.012201127,18277,"2-Amino-5-guanidinovaleric acid|(2S)-2-amino-5-(carbamimidamido)pentanoic acid|(2S)-2-amino-5-guanidinopentanoic acid|Amino-5-guanidino-pentanoic acid|Argamine|arg|Arg|Arginine|Arginine, L Isomer|Arginine, L-Isomer|Argivene|Detoxargin|L-a-Amino-d-guanidinovaleric acid|L-Arg|L-Arginin|l arginine|l-arginine|L-arginine|L Arginine|L-(+)-Arginine|L-Arginine|Levargin|L-Isomer Arginine|Minophagen A|R-Gene 10|(S)-2-Amino-5-[(aminoiminomethyl)amino]pentanoic acid|(S)-2-amino-5-guanidinopentanoic acid|(s)-2-amino-5-guanidinovaleric acid|(S)-2-Amino-5-guanidinovaleric acid",8283218
1072,human insulin-like growth factor I|IGF-1|IGF1|Increlex|Insulin-like growth factor 1|Iplex|mecasermin|Mecasermin|MECASERMIN|Mecasermin recombinant|mecasermin rinfabate|Mecasermin rinfabate|Mecasermin Rinfabate|MECASERMIN RINFABATE|Mecasermin rinfabate recombinant|Mechano growth factor|mescamerin recombinant|Recombinant IGF-I|Recombinant Insulin-Like Growth Factor 1|rhIGF-1|Somatomedin-C,13,0.041308657,6.90E-12,,0.002007412,6476,"type i diabetes mellitus|Diabetes, Juvenile-Onset|Diabetes mellitus, insulin-dependent|Diabetes Mellitus, Insulin Dependent|DIABETES MELLITUS INSULIN DEPENDENT|Diabetes mellitus - juvenile|diabetes mellitus type 1|Diabetes Mellitus, Type 1|diabetes mellitus type i|Diabetes Mellitus, Type I|diabetes type 1|Diabetes, Type 1|diabetes type i|IDD|IDDM1|iddm|IDDM - Insulin-dependent diabetes mellitus|Immune Mediated Diabetes|insulin dependent diabetes|Insulin-dependent diabetes|Insulin Dependent Diabetes Mellitus 1|Insulin-Dependent Diabetes Mellitus 1|insulin dependent diabetes mellitus|insulin-dependent diabetes mellitus|Insulin-dependent diabetes mellitus (type I)|JOD|Juvenile diabetes|juvenile diabetes mellitus|Juvenile Onset Diabetes|Juvenile-Onset Diabetes|juvenile-onset diabetes mellitus|Juvenile onset diabetes mellitus|type 1 diabetes|type 1 diabetes mellitus|type i diabetes|intervertebral disc disorders|discogenic disease|Intervertebral disc disease|intervertebral disc disorder|intervertebral disk disease|VERTEBRAL DISC DISEASE",78,0.111173014,5.43E-32,,0.004267659,18277,"2-Amino-5-guanidinovaleric acid|(2S)-2-amino-5-(carbamimidamido)pentanoic acid|(2S)-2-amino-5-guanidinopentanoic acid|Amino-5-guanidino-pentanoic acid|Argamine|arg|Arg|Arginine|Arginine, L Isomer|Arginine, L-Isomer|Argivene|Detoxargin|L-a-Amino-d-guanidinovaleric acid|L-Arg|L-Arginin|l arginine|l-arginine|L-arginine|L Arginine|L-(+)-Arginine|L-Arginine|Levargin|L-Isomer Arginine|Minophagen A|R-Gene 10|(S)-2-Amino-5-[(aminoiminomethyl)amino]pentanoic acid|(S)-2-amino-5-guanidinopentanoic acid|(s)-2-amino-5-guanidinovaleric acid|(S)-2-Amino-5-guanidinovaleric acid",8283218
1072,human insulin-like growth factor I|IGF-1|IGF1|Increlex|Insulin-like growth factor 1|Iplex|mecasermin|Mecasermin|MECASERMIN|Mecasermin recombinant|mecasermin rinfabate|Mecasermin rinfabate|Mecasermin Rinfabate|MECASERMIN RINFABATE|Mecasermin rinfabate recombinant|Mechano growth factor|mescamerin recombinant|Recombinant IGF-I|Recombinant Insulin-Like Growth Factor 1|rhIGF-1|Somatomedin-C,36,0.363210953,8.79E-76,,0.038176034,943,growth hormone deficiency|pituitary dwarfism|hypopituitary dwarfism|Isolated deficiency of growth hormone|Isolated GH Deficiency|Isolated growth hormone deficiency|Isolated HGH Deficiency|pituitary dwarf|Pituitary nanism,37,0.107540087,2.92E-33,,0.002024402,18277,"2-Amino-5-guanidinovaleric acid|(2S)-2-amino-5-(carbamimidamido)pentanoic acid|(2S)-2-amino-5-guanidinopentanoic acid|Amino-5-guanidino-pentanoic acid|Argamine|arg|Arg|Arginine|Arginine, L Isomer|Arginine, L-Isomer|Argivene|Detoxargin|L-a-Amino-d-guanidinovaleric acid|L-Arg|L-Arginin|l arginine|l-arginine|L-arginine|L Arginine|L-(+)-Arginine|L-Arginine|Levargin|L-Isomer Arginine|Minophagen A|R-Gene 10|(S)-2-Amino-5-[(aminoiminomethyl)amino]pentanoic acid|(S)-2-amino-5-guanidinopentanoic acid|(s)-2-amino-5-guanidinovaleric acid|(S)-2-Amino-5-guanidinovaleric acid",8283218
1072,human insulin-like growth factor I|IGF-1|IGF1|Increlex|Insulin-like growth factor 1|Iplex|mecasermin|Mecasermin|MECASERMIN|Mecasermin recombinant|mecasermin rinfabate|Mecasermin rinfabate|Mecasermin Rinfabate|MECASERMIN RINFABATE|Mecasermin rinfabate recombinant|Mechano growth factor|mescamerin recombinant|Recombinant IGF-I|Recombinant Insulin-Like Growth Factor 1|rhIGF-1|Somatomedin-C,61,0.345122714,2.80E-98,,0.012740184,4788,"severe short stature|Constitutional dwarfism|constitutional short stature|dwarf|dwarfism|Dwarfism (disorder)|dwarfs|Little person|nanism|Normal dwarf|Primordial dwarfism|proportionate dwarfism|runt|RUNTING|runts|short stature|Short stature disorder|short stature, severe|True dwarf|decreased body height|Decreased height|Short for age|small stature|stature short",65,0.101901806,8.99E-30,,0.003556382,18277,"2-Amino-5-guanidinovaleric acid|(2S)-2-amino-5-(carbamimidamido)pentanoic acid|(2S)-2-amino-5-guanidinopentanoic acid|Amino-5-guanidino-pentanoic acid|Argamine|arg|Arg|Arginine|Arginine, L Isomer|Arginine, L-Isomer|Argivene|Detoxargin|L-a-Amino-d-guanidinovaleric acid|L-Arg|L-Arginin|l arginine|l-arginine|L-arginine|L Arginine|L-(+)-Arginine|L-Arginine|Levargin|L-Isomer Arginine|Minophagen A|R-Gene 10|(S)-2-Amino-5-[(aminoiminomethyl)amino]pentanoic acid|(S)-2-amino-5-guanidinopentanoic acid|(s)-2-amino-5-guanidinovaleric acid|(S)-2-Amino-5-guanidinovaleric acid",8283218
1072,human insulin-like growth factor I|IGF-1|IGF1|Increlex|Insulin-like growth factor 1|Iplex|mecasermin|Mecasermin|MECASERMIN|Mecasermin recombinant|mecasermin rinfabate|Mecasermin rinfabate|Mecasermin Rinfabate|MECASERMIN RINFABATE|Mecasermin rinfabate recombinant|Mechano growth factor|mescamerin recombinant|Recombinant IGF-I|Recombinant Insulin-Like Growth Factor 1|rhIGF-1|Somatomedin-C,25,0.098114262,3.02E-28,,0.003834356,6520,faltering weight|failure to gain weight|failure weight gain|gaining weight|Inadequate Weight Gain|Low Weight Gain|not gaining weight|poor weight gain|putting weight|put weight|unable to gain weight|weight faltering|weight gain failure|weight gaining|increased body weight|increased bmi|increased body mass index|weight gain,67,0.084320573,5.65E-24,,0.003665809,18277,"2-Amino-5-guanidinovaleric acid|(2S)-2-amino-5-(carbamimidamido)pentanoic acid|(2S)-2-amino-5-guanidinopentanoic acid|Amino-5-guanidino-pentanoic acid|Argamine|arg|Arg|Arginine|Arginine, L Isomer|Arginine, L-Isomer|Argivene|Detoxargin|L-a-Amino-d-guanidinovaleric acid|L-Arg|L-Arginin|l arginine|l-arginine|L-arginine|L Arginine|L-(+)-Arginine|L-Arginine|Levargin|L-Isomer Arginine|Minophagen A|R-Gene 10|(S)-2-Amino-5-[(aminoiminomethyl)amino]pentanoic acid|(S)-2-amino-5-guanidinopentanoic acid|(s)-2-amino-5-guanidinovaleric acid|(S)-2-Amino-5-guanidinovaleric acid",8283218
1072,human insulin-like growth factor I|IGF-1|IGF1|Increlex|Insulin-like growth factor 1|Iplex|mecasermin|Mecasermin|MECASERMIN|Mecasermin recombinant|mecasermin rinfabate|Mecasermin rinfabate|Mecasermin Rinfabate|MECASERMIN RINFABATE|Mecasermin rinfabate recombinant|Mechano growth factor|mescamerin recombinant|Recombinant IGF-I|Recombinant Insulin-Like Growth Factor 1|rhIGF-1|Somatomedin-C,8,0.058666814,4.75E-12,,0.006999125,1143,pituitary function,30,0.072328271,2.64E-22,,0.001641407,18277,"2-Amino-5-guanidinovaleric acid|(2S)-2-amino-5-(carbamimidamido)pentanoic acid|(2S)-2-amino-5-guanidinopentanoic acid|Amino-5-guanidino-pentanoic acid|Argamine|arg|Arg|Arginine|Arginine, L Isomer|Arginine, L-Isomer|Argivene|Detoxargin|L-a-Amino-d-guanidinovaleric acid|L-Arg|L-Arginin|l arginine|l-arginine|L-arginine|L Arginine|L-(+)-Arginine|L-Arginine|Levargin|L-Isomer Arginine|Minophagen A|R-Gene 10|(S)-2-Amino-5-[(aminoiminomethyl)amino]pentanoic acid|(S)-2-amino-5-guanidinopentanoic acid|(s)-2-amino-5-guanidinovaleric acid|(S)-2-Amino-5-guanidinovaleric acid",8283218
1072,human insulin-like growth factor I|IGF-1|IGF1|Increlex|Insulin-like growth factor 1|Iplex|mecasermin|Mecasermin|MECASERMIN|Mecasermin recombinant|mecasermin rinfabate|Mecasermin rinfabate|Mecasermin Rinfabate|MECASERMIN RINFABATE|Mecasermin rinfabate recombinant|Mechano growth factor|mescamerin recombinant|Recombinant IGF-I|Recombinant Insulin-Like Growth Factor 1|rhIGF-1|Somatomedin-C,7,0.036216665,1.24E-08,igf 1 (GGP) POS_ASSOCIATION insulin resistance (CONDITION) {2689843}; insulin resistance (CONDITION) POS_ASSOCIATION igf 1 (GGP) {2689843},0.003484321,2009,"insulin resistance|Resistance, Insulin",36,0.069404162,5.29E-21,,0.001969689,18277,"2-Amino-5-guanidinovaleric acid|(2S)-2-amino-5-(carbamimidamido)pentanoic acid|(2S)-2-amino-5-guanidinopentanoic acid|Amino-5-guanidino-pentanoic acid|Argamine|arg|Arg|Arginine|Arginine, L Isomer|Arginine, L-Isomer|Argivene|Detoxargin|L-a-Amino-d-guanidinovaleric acid|L-Arg|L-Arginin|l arginine|l-arginine|L-arginine|L Arginine|L-(+)-Arginine|L-Arginine|Levargin|L-Isomer Arginine|Minophagen A|R-Gene 10|(S)-2-Amino-5-[(aminoiminomethyl)amino]pentanoic acid|(S)-2-amino-5-guanidinopentanoic acid|(s)-2-amino-5-guanidinovaleric acid|(S)-2-Amino-5-guanidinovaleric acid",8283218
1072,human insulin-like growth factor I|IGF-1|IGF1|Increlex|Insulin-like growth factor 1|Iplex|mecasermin|Mecasermin|MECASERMIN|Mecasermin recombinant|mecasermin rinfabate|Mecasermin rinfabate|Mecasermin Rinfabate|MECASERMIN RINFABATE|Mecasermin rinfabate recombinant|Mechano growth factor|mescamerin recombinant|Recombinant IGF-I|Recombinant Insulin-Like Growth Factor 1|rhIGF-1|Somatomedin-C,36,0.181304145,7.86E-51,,0.007758621,4640,growth retardation|retarded growth|Decreased growth|GROWTH RETARDED|growth suppression,46,0.057029539,2.07E-16,,0.002516824,18277,"2-Amino-5-guanidinovaleric acid|(2S)-2-amino-5-(carbamimidamido)pentanoic acid|(2S)-2-amino-5-guanidinopentanoic acid|Amino-5-guanidino-pentanoic acid|Argamine|arg|Arg|Arginine|Arginine, L Isomer|Arginine, L-Isomer|Argivene|Detoxargin|L-a-Amino-d-guanidinovaleric acid|L-Arg|L-Arginin|l arginine|l-arginine|L-arginine|L Arginine|L-(+)-Arginine|L-Arginine|Levargin|L-Isomer Arginine|Minophagen A|R-Gene 10|(S)-2-Amino-5-[(aminoiminomethyl)amino]pentanoic acid|(S)-2-amino-5-guanidinopentanoic acid|(s)-2-amino-5-guanidinovaleric acid|(S)-2-Amino-5-guanidinovaleric acid",8283218
1072,human insulin-like growth factor I|IGF-1|IGF1|Increlex|Insulin-like growth factor 1|Iplex|mecasermin|Mecasermin|MECASERMIN|Mecasermin recombinant|mecasermin rinfabate|Mecasermin rinfabate|Mecasermin Rinfabate|MECASERMIN RINFABATE|Mecasermin rinfabate recombinant|Mechano growth factor|mescamerin recombinant|Recombinant IGF-I|Recombinant Insulin-Like Growth Factor 1|rhIGF-1|Somatomedin-C,19,0.129094371,2.16E-30,,0.011020882,1724,normal growth|growth normal|height normal weight|Normal body growth|Normal height and weight|normal height weight|normal weight height,29,0.054248079,1.59E-16,,0.001586694,18277,"2-Amino-5-guanidinovaleric acid|(2S)-2-amino-5-(carbamimidamido)pentanoic acid|(2S)-2-amino-5-guanidinopentanoic acid|Amino-5-guanidino-pentanoic acid|Argamine|arg|Arg|Arginine|Arginine, L Isomer|Arginine, L-Isomer|Argivene|Detoxargin|L-a-Amino-d-guanidinovaleric acid|L-Arg|L-Arginin|l arginine|l-arginine|L-arginine|L Arginine|L-(+)-Arginine|L-Arginine|Levargin|L-Isomer Arginine|Minophagen A|R-Gene 10|(S)-2-Amino-5-[(aminoiminomethyl)amino]pentanoic acid|(S)-2-amino-5-guanidinopentanoic acid|(s)-2-amino-5-guanidinovaleric acid|(S)-2-Amino-5-guanidinovaleric acid",8283218
1072,human insulin-like growth factor I|IGF-1|IGF1|Increlex|Insulin-like growth factor 1|Iplex|mecasermin|Mecasermin|MECASERMIN|Mecasermin recombinant|mecasermin rinfabate|Mecasermin rinfabate|Mecasermin Rinfabate|MECASERMIN RINFABATE|Mecasermin rinfabate recombinant|Mechano growth factor|mescamerin recombinant|Recombinant IGF-I|Recombinant Insulin-Like Growth Factor 1|rhIGF-1|Somatomedin-C,71,0.544441449,4.60E-142,"somatomedin c (GGP) POS_ASSOCIATION acromegaly (CONDITION) {6890417, 492275, 6290540, 7197287}; acromegaly (CONDITION) POS_ASSOCIATION somatomedin c (GGP) {6890417, 492275, 6290540, 7197287}; igf 1 (GGP) POS_ASSOCIATION acromegaly (CONDITION) {6388207}; acromegaly (CONDITION) POS_ASSOCIATION igf 1 (GGP) {6388207}",0.031291318,2269,acromegaly|acromegalia|marie disease,29,0.045014573,1.53E-13,,0.001586694,18277,"2-Amino-5-guanidinovaleric acid|(2S)-2-amino-5-(carbamimidamido)pentanoic acid|(2S)-2-amino-5-guanidinopentanoic acid|Amino-5-guanidino-pentanoic acid|Argamine|arg|Arg|Arginine|Arginine, L Isomer|Arginine, L-Isomer|Argivene|Detoxargin|L-a-Amino-d-guanidinovaleric acid|L-Arg|L-Arginin|l arginine|l-arginine|L-arginine|L Arginine|L-(+)-Arginine|L-Arginine|Levargin|L-Isomer Arginine|Minophagen A|R-Gene 10|(S)-2-Amino-5-[(aminoiminomethyl)amino]pentanoic acid|(S)-2-amino-5-guanidinopentanoic acid|(s)-2-amino-5-guanidinovaleric acid|(S)-2-Amino-5-guanidinovaleric acid",8283218
1072,human insulin-like growth factor I|IGF-1|IGF1|Increlex|Insulin-like growth factor 1|Iplex|mecasermin|Mecasermin|MECASERMIN|Mecasermin recombinant|mecasermin rinfabate|Mecasermin rinfabate|Mecasermin Rinfabate|MECASERMIN RINFABATE|Mecasermin rinfabate recombinant|Mechano growth factor|mescamerin recombinant|Recombinant IGF-I|Recombinant Insulin-Like Growth Factor 1|rhIGF-1|Somatomedin-C,15,0.111840194,1.76E-24,,0.011329305,1324,"hypopituitarism|hypopituitarism|deficiencies pituitary|insufficiency pituitary|Insufficiency, Pituitary|Pituitary deficiency|pituitary failure|pituitary hypofunction|pituitary insufficiency",23,0.044433487,1.04E-13,,0.001258412,18277,"2-Amino-5-guanidinovaleric acid|(2S)-2-amino-5-(carbamimidamido)pentanoic acid|(2S)-2-amino-5-guanidinopentanoic acid|Amino-5-guanidino-pentanoic acid|Argamine|arg|Arg|Arginine|Arginine, L Isomer|Arginine, L-Isomer|Argivene|Detoxargin|L-a-Amino-d-guanidinovaleric acid|L-Arg|L-Arginin|l arginine|l-arginine|L-arginine|L Arginine|L-(+)-Arginine|L-Arginine|Levargin|L-Isomer Arginine|Minophagen A|R-Gene 10|(S)-2-Amino-5-[(aminoiminomethyl)amino]pentanoic acid|(S)-2-amino-5-guanidinopentanoic acid|(s)-2-amino-5-guanidinovaleric acid|(S)-2-Amino-5-guanidinovaleric acid",8283218
1072,human insulin-like growth factor I|IGF-1|IGF1|Increlex|Insulin-like growth factor 1|Iplex|mecasermin|Mecasermin|MECASERMIN|Mecasermin recombinant|mecasermin rinfabate|Mecasermin rinfabate|Mecasermin Rinfabate|MECASERMIN RINFABATE|Mecasermin rinfabate recombinant|Mechano growth factor|mescamerin recombinant|Recombinant IGF-I|Recombinant Insulin-Like Growth Factor 1|rhIGF-1|Somatomedin-C,14,0.106024833,7.85E-23,,0.011119936,1259,failure to thrive|Infant Failure to Thrive|postnatal failure to thrive|growth failure|failure growth|Linear Growth Failure|failure to thrive in infancy|weight faltering in infancy,20,0.036835328,1.95E-11,,0.001094271,18277,"2-Amino-5-guanidinovaleric acid|(2S)-2-amino-5-(carbamimidamido)pentanoic acid|(2S)-2-amino-5-guanidinopentanoic acid|Amino-5-guanidino-pentanoic acid|Argamine|arg|Arg|Arginine|Arginine, L Isomer|Arginine, L-Isomer|Argivene|Detoxargin|L-a-Amino-d-guanidinovaleric acid|L-Arg|L-Arginin|l arginine|l-arginine|L-arginine|L Arginine|L-(+)-Arginine|L-Arginine|Levargin|L-Isomer Arginine|Minophagen A|R-Gene 10|(S)-2-Amino-5-[(aminoiminomethyl)amino]pentanoic acid|(S)-2-amino-5-guanidinopentanoic acid|(s)-2-amino-5-guanidinovaleric acid|(S)-2-Amino-5-guanidinovaleric acid",8283218
1072,human insulin-like growth factor I|IGF-1|IGF1|Increlex|Insulin-like growth factor 1|Iplex|mecasermin|Mecasermin|MECASERMIN|Mecasermin recombinant|mecasermin rinfabate|Mecasermin rinfabate|Mecasermin Rinfabate|MECASERMIN RINFABATE|Mecasermin rinfabate recombinant|Mechano growth factor|mescamerin recombinant|Recombinant IGF-I|Recombinant Insulin-Like Growth Factor 1|rhIGF-1|Somatomedin-C,8,0.263472017,1.67E-19,,0.059259259,135,"growth hormone excess|acral hypertrophy|excess growth hormone|GROWTH HORMONE, INCREASED|HGH, INCREASED|increased growth hormone|SOMATOTROPIN, INCREASED",6,0.020200037,6.79E-07,,0.000328281,18277,"2-Amino-5-guanidinovaleric acid|(2S)-2-amino-5-(carbamimidamido)pentanoic acid|(2S)-2-amino-5-guanidinopentanoic acid|Amino-5-guanidino-pentanoic acid|Argamine|arg|Arg|Arginine|Arginine, L Isomer|Arginine, L-Isomer|Argivene|Detoxargin|L-a-Amino-d-guanidinovaleric acid|L-Arg|L-Arginin|l arginine|l-arginine|L-arginine|L Arginine|L-(+)-Arginine|L-Arginine|Levargin|L-Isomer Arginine|Minophagen A|R-Gene 10|(S)-2-Amino-5-[(aminoiminomethyl)amino]pentanoic acid|(S)-2-amino-5-guanidinopentanoic acid|(s)-2-amino-5-guanidinovaleric acid|(S)-2-Amino-5-guanidinovaleric acid",8283218